L1,L2,L3,L4,L5,Label,ShortName,Description,Piezīmes,
1,0,0,0,0,Algebra,Algebra,Visi uzdevumi par algebru,,
1,1,0,0,0,AlgebraicTransformations,Pārveidojumi un teksta uzdevumi,"Uzdevumi par skaitļiem, to darbībām un skaitliskām nevienādībām. Teksta uzdevumu pārrakstīšana, izveidojot algebrisku modeli; manipulācijas ar algebriskām izteiksmēm.",,
1,1,1,0,0,Identities,Identitātes,Aritmētiskas un algebriskas identitātes.,,
1,1,1,1,0,ArithmeticIdentities,Identitātes un darbības ar naturāliem skaitļiem,Veselu skaitļu aritmētikas piemēri un aritmētiskas sakarības teksta uzdevumos un aprēķinos.,Sk. https://problems.ru/view_by_subject_new.php?parent=849,
1,1,1,2,0,StandardIdentities,Pamatidentitāšu lietošana,"Summas kvadrāta formula $(a+b)^2 = a^2 + 2ab + b^2$; kvadrātu starpība $a^2 - b^2$; pakāpju īpašības, piemēram, $(a^m)^n = a^{mn}$.",,
1,1,1,3,0,AdvancedIdentities,Dažas nestandarta identitātes,Augstāku pakāpju summa un starpība; Ņūtona binoms; S.Žermēnas identitāte; $a^3+b^3+c^3-3abc$,,
1,1,1,4,0,CompletingSquare,Pilnā kvadrāta atdalīšana,"Kvadrātiskas izteiksmes pārveidošana, lai pazustu lineārais saskaitāmais. Piemēram $x^2 + px + q = (x+p/2)^2 + (q-p^2/4)$",,
1,1,2,0,0,SymmetricAlgebraicExpressions,Simetriskas un homogēnas izteiksmes,Simetriskas izteiksmes un darbības ar homogēnām algebriskām izteiksmēm,,
1,1,3,0,0,ConjugateExpressions,Saistītās izteiksmes,,,
1,1,4,0,0,IntegerExpressionsAndOperations,Operācijas ar veselām izteiksmēm,,,
1,1,5,0,0,ComparingRealAndImaginaryParts,Komplekso skaitļu reālo un imagināro daļu salīdzināšana,,Vai ir vajadzīga lielāka sadaļa par kompleksajiem skaitļiem?,"Pārsaucam - Kompleksie skaitļi, un liekam te visu, kas par tiem ir. Latvijas olimpiādēs, visticamāk, nekas par kompleksajiem skaitļiem nebūs. Varbūt starptautiskajās vai citu valstu ir. Domāju, ka visi uzdevumi par kompleksajiem skaitļiem kā tēmu liekami vienuviet, ja tādi ir. Sadaļa, visticamāk, ir radusies kā risināšanas metode - interpretācija. Arī tas nebūs bieži. "
1,1,6,0,0,DecomposingExpressionAsSum,Izteiksmju sadalīšana saskaitāmajos,,,
1,1,7,0,0,MathInductionAndExpressions,Matemātiskā indukcija,,"Vajadzētu pārsaukt ""Matemātiskā indukcija algebras pārveidojumos""?",Šī ir metode. 
1,1,8,0,0,InterpretationsInAlgebra,Interpretācijas,,,
1,1,8,1,0,WordProblemsArithmetic,Teksta uzdevumi ar aritmētisku modeli,,Sal. https://problems.ru/view_by_subject_new.php?parent=89,Interpretācijas ir metodes. Bet sadaļa teksta uzdevumiem būtu vajadzīga.
1,1,8,2,0,CombinatorialInterpretations,Kombinatoriskās interpretācijas,,,
1,1,8,3,0,TrigonometricInterpretations,Trigonometriskās interpretācijas,,,
1,1,8,4,0,GeometricInterpretations,Ģeometriskās interpretācijas,,,
1,1,9,0,0,SpecialPropertiesOfNumericCoefficients,Skaitlisko koeficientu specifisku īpašību izmantošana,,,
1,2,0,0,0,AlgebraicEquations,Vienādojumi,"Algebras uzdevumi, kuros prasīts atrisināt vienādojumu vai noteikt vienādojuma sakņu skaitu. Uzdevumi, kuros jāpēta vienādojuma atrisinājuma eksistence, jāpierāda, ka eksistē atrisinājums vai ka tas neeksistē.",,
1,2,1,0,0,EquationSolving,Vienādojumu risināšana,,,
1,2,1,1,0,EquationFactorization,Sadalīšana reizinātājos,"Vienādojumu dalīšana reizinātājos, tsk. izmantojot uzminētas saknes",,
1,2,1,2,0,EquationSubstitution,Jaunu mainīgo ieviešana,,,
1,2,1,3,0,AlgebraicIdentitiesOther,Nestandarta algebriskie pārveidojumi,"(Līdzīgs ar 2.1.1.2.0 - ""Dažas nestandarta identitātes"")",,
1,2,1,4,0,UsingVietaFormulas,Vjeta formulu lietošana,(Sakrīt ar 2.2.2.3.0),,
1,2,1,5,0,EquationsApplyInequalities,Nevienādību pielietošana,,,
1,2,1,6,0,EquationComparingSidesAsFunctions,"Vienādojuma abu pušu pētīšana, uztverot tās kā funkcijas","Parametrizēt vairāku mainīgo vienādojumu, pieņemot kādu no mainīgajiem par parametru; tad pētīt abas puses kā funkcijas no otra mainīgā.",,
1,2,1,7,0,EquationReductionToSystem,Vienādojuma reducēšana uz vienādojumu sistēmu,,,
1,2,1,8,0,FundamentalTheoremAlgebra,Atsauces uz algebras pamatteorēmu,,,
1,2,2,0,0,EquationAnalysis,"Vienādojumu pētīšana, tos neatrisinot",,,
1,2,2,1,0,QuadraticEquationRootConditions,Kvdrātvienādojuma atrisinājuma eksistences nosacījumi,,,
1,2,2,2,0,InequalityApplication,Nevienādību pielietošana,,,
1,2,2,3,0,VietaFormulas,Vjeta formulu lietošana,,,
1,2,2,4,0,EquationsGeometricInterpretation,Ģeometriskās interpretācijas pielietošana,,,
1,2,2,5,0,DescartesRuleOfSigns,Dekarta likums,"Polinoma pozitīvo sakņu skaits vienāds ar zīmju maiņu skaitu polinoma koeficientos, vai arī ir mazāks nekā zīmju maiņu skaits par pāra skaitli",,
1,2,2,6,0,EquationSolvingWithRealAnalysis,Matemātiskās analīzes metodes,,,
1,2,2,6,1,EquationsAndMonotonicity,Monotonitātes izmantošana,"Vienādojuma risināšana, nepārtraukti vai nelielos soļos palielinot vienu vai samazinot otru vienādojuma pusi",,
1,2,2,6,2,EquationsAndContinuity,Nepārtrauktības izmantošana,,,
1,2,2,6,3,EquationsAndExtremeValues,Ekstrēmu vērtību izmantošana,,,
1,2,2,6,4,EquationsAndIntegrals,Integrāļa izmantošana,,,
1,2,2,6,5,EquationsAndFunctionPlots,Grafiku pielietošana,,,
1,3,0,0,0,ProvingInequalities,Nevienādības,"Uzdevumi, kuros jāpierāda, ka ir pareiza kāda nevienādība. Uzdevumi, kuros jāatrisina nevienādība.",,
1,3,1,0,0,InequalitiesEquivalentTransformations,Ekvivalento pārveidojumu metode,,,
1,3,2,0,0,InequalityProvingStronger,Nevienādības pastiprināšanas metode,,,
1,3,3,0,0,MathInductionForInequalities,Matemātiskās indukcijas metode,,"Var pārsaukt ""Matemātiskā indukcija nevienādībās""?",
1,3,4,0,0,ProvingInequalitiesWithOtherInequalities,Citu nevienādību izmantošana,,,
1,3,4,1,0,AddingOrMultiplyingInequalities,Vairāku nevienādību saskaitīšana vai reizināšana,,,
1,3,4,2,0,InequalitiesBetweenMeanValues,Nevienādības starp klasiskajiem vidējiem lielumiem,,"Sk. arī 2.5.1.3.0 ""Nevienādības starp citiem vidējiem lielumiem"" (AM-GM nevienādība u.c. noder gan citu nevienādību, gan ekstrēmu uzdevumu pierādīšanā)",
1,3,4,3,0,CauchyBunyakovsky,Košī-Buņakovska nevienādība,,,
1,3,4,4,0,ChebyshevInequality,Čebiševa nevienādība,,,
1,3,4,5,0,JensenInequality,Jensena nevienādība,,,
1,3,5,0,0,InequalitySolvingWithRealAnalysis,Matemātiskās analīzes metodes,,"Var pārsaukt ""Matemātiskā analīze nevienādību pamatošanā""?",
1,3,5,1,0,RealAnalysisAndExtremes,Ekstrēma atrašana,,,
1,3,5,2,0,RealAnalysisAndMonotonicity,Funkcijas monotonitāte,,,
1,3,5,3,0,InequalitiesAndIntegrals,Integrāļa lietošana,,,
1,3,6,0,0,InequalitiesInterpretations,Interpretācijas,,,
1,3,6,1,0,InequalitiesGeometricInterpretations,Ģeometriskās interpretācijas,,,
1,3,6,2,0,InequalitiesProbabilisticInterpretations,Varbūtību teorijas interpretācijas,,,
1,3,7,0,0,LinearOptimization,Nevienādību sistēmas; lineārā programmēšana,,,
1,4,0,0,0,SystemsOfEquations,Vienādojumu sistēmas,Vienādojumu sistēmu risināšana un atrisinājumu eksistences analīze.,,
1,4,1,0,0,LinearTransforms,Lineāri pārveidojumi,,,
1,4,1,1,0,LinearSystemsTransforms,Lineāru vienādojumu sistēmu kombinēšana,,,
1,4,1,2,0,LinearSystemsApplications,Lineāru sistēmu lietojumi,,,
1,4,2,0,0,SystemsSubstituteVariables,Ievietošanas metode,"Vienādojumu sistēmu risināšana, izsakot mainīgos vai ievietojot zināmās vērtības.",,
1,4,3,0,0,SystemsInterpretations,Interpretācijas,,,
1,4,4,0,0,SystemsApplyInequalities,Nevienādību pielietošana,,,
1,4,5,0,0,SystemsCyclicSolutionMethods,Speciālās ciklisko sistēmu risināšanas metodes,,,
1,4,5,1,0,SystemsExtremeValues,Ekstremālās vērtības metode,,,
1,4,5,2,0,SystemsAnalysisMethods,Matemātiskās analīzes metodes,,,
1,4,6,0,0,SystemsOtherMethods,Dažādas metodes,,,
1,5,0,0,0,AlgebraProblemsWithExtremes,Ekstrēmu uzdevumi,"Algebras uzdevumi, kuros jāatrod lielākā vai mazākā iespējamā vērtība.",,
1,5,1,0,0,ExtremeProblemsAndInequalities,"Ekstrēmu uzdevumu risināšana, izmantojot nevienādības",,,
1,5,1,1,0,ExtremeProblemsWithInequalities,Nevienādība,,Būtībā sakrīt ar vecāku kategoriju,
1,5,1,2,0,AmGmInequality,Nevienādība starp vidējo aritmētisko un vidējo ģeometrisko,,,
1,5,1,3,0,OtherMeanInequalities,Nevienādības starp citiem vidējiem lielumiem,,,
1,5,2,0,0,GeometricIntepretationOfInequalities,Ģeometriskas interpretācijas lietošana,,,
1,5,2,1,0,LengthOfPolygonalChain,Lauztas līnijas garums,,,
1,5,2,2,0,InequalitiesForDistanceSums,Attālumu summa,,,
1,5,2,3,0,InequalitiesForAreas,Laukums,,,
1,5,3,0,0,IncreasingFunctionValues,Funkcijas vērtības pakāpeniska palielināšana,,,
1,5,4,0,0,ReplacingFunctionWithUpperBound,Funkcijas aizstāšana ar to mažorējošu funkciju,"Nevienādības mazākās puses aizstāšana ar funkciju, kas ir tās augšējais novērtējums","""majorant function"" termins eksistē, bet parasti to lieto augstskolu analīzē un diferenciālvienādojumos",
1,5,5,0,0,FindingExtremesWithAlgorithm,"Ekstrēma atrašana, konstruējot algoritmu tā meklēšanai",,,
1,5,6,0,0,FindingExtremesWithFunctionProperties,"Ekstrēma atrašana, lietojot zināmas funkcijas īpašības",,,
1,5,7,0,0,FindingExtremesUsingIntegerProperties,"Ekstrēma atrašana, izmantojot naturālu skaitļu specifiskas īpašības",,,
1,5,8,0,0,FindingExtremesUsingSpecialValues,"Ekstrēma atrašana, izmantojot funkciju vērtības speciālā veidā izvēlētos punktos",,,
1,6,0,0,0,NumericSequences,Skaitļu virknes,Aritmētiskā progresija. Ģeometriskā progresija. Rekurentas skaitļu virknes. Galīgas un bezgalīgas summas,,
1,6,1,0,0,ArithmeticAndGeometricSeries,Aritmētiskās un ģeometriskās progresijas,,,
1,6,1,1,0,SeriesMembersSumsClosedFormulas,Vispārīgā locekļa un summas formulas,,,
1,6,1,1,1,SeriesOneToNSum,Summa $1+2+\ldots+n$,Formula $1+2+\ldots+n = \frac{n(n+1)}{2}$ un lietojumi,,
1,6,1,1,2,SeriesArithmeticSum,Citu aritmētisku progresiju summas,,,
1,6,1,1,3,SeriesGeometricFinite,Galīgas ģeometriskas progresijas summa,,,
1,6,1,1,4,SeriesGeometricInfinite,Bezgalīgas ģeometriskas progresijas summa,,,
1,6,1,2,0,SeriesInterpretations,Interpretācijas,,,
1,6,1,3,0,SequenceSplittingIntoProgressions,Sadalīšana progresijās,,,
1,6,1,4,0,DecimalDigitsOfSeries,Progresiju locekļu decimālie cipari,,,
1,6,1,5,0,ArithmeticPropertiesOfSeries,Progresiju locekļu aritmētiskās īpašības,,,
1,6,1,6,0,SequenceGaps,Virknes locekļu starpības,Izmantot spriedumus par dažu virkņu kaimiņu locekļu starpībām,,
1,6,1,6,1,FullPowerGaps,Pilnu pakāpju starpības,Pilnu kvadrātu atstarpes veido aritmētisku progresiju $2k+1$,,
1,6,1,6,2,GeometricSeriesGaps,Ģeometriskas progresijas locekļu starpības,"Izmantot to, ka $2^n$ locekļu starpības aug ģeometriskā progresijā.",,
1,6,2,0,0,RecurrentSequences,Virkņu locekļu starpības,,,
1,6,2,1,0,DefiningRecurrentSequences,Rekurento virkņu sastādīšana un lietojumi skaitliska rezultāta iegūšanai,,,
1,6,2,2,0,FibonacciNumbers,Fibonači skaitļi un to īpašības,,,
1,6,2,3,0,RecurrentSequencesGrowthEstimates,Rekurento virkņu augšanas novērtējumi,"Raksturīgie vienādojumi, pāreja uz homogēno virkni, nevienādības virknēm",,
1,6,2,4,0,RecurrentSequencesClosedFormulas,Rekurento virkņu vispārīgo locekļu formulas,Pāreja no rekurencēm uz slēgtām formulām ,,
1,6,3,0,0,SequencePeriodicity,Periodiskums un neperiodiskums,"Virkņu periodiskuma pamatošana, arī izmantojot rekurentas sakarības",,
1,6,4,0,0,BasisOfVectorSpace,Bāzes,Lineāras telpas elementu izteikšana ar nedaudziem bāzes elementiem?,"Varbūt vajag lielāku tēmu par lineāro algebru? (Vai arī ar ""bāzi"" domāts kas cits.)",
1,6,5,0,0,Monotonicity,Monotonitāte,,,
1,6,6,0,0,SubsequenceSystems,Apakšvirkņu sistēmas,,,
1,6,7,0,0,RepetitiveFragmentsInSequenceSystems,Fragmentu atkārtošanās virkņu sistēmās,,,
1,6,8,0,0,ArbitrarySequencesInequalities,Nevienādības patvaļīgām virknēm,,,
1,7,0,0,0,RealAnalysis,Reālā analīze,"Nepārtrauktas funkcijas, reālās analīzes metodes, robežas, atvasinājumi, integrāļi",,
1,7,1,0,0,ComputingLimits,Robežas aprēķināšana,,,
1,7,1,1,0,LimitDefinitionAndProperties,Definīcija un pamatīpašības,,,
1,7,1,2,0,TheoremsAboutLimits,Teorēmas par robežām,,,
1,7,1,3,0,InequalitiesAsVariableApproachesLimit,Robežpāreja nevienādībās,,,
1,7,1,4,0,IterativeProcesses,Iteratīvi procesi,,,
1,7,2,0,0,AdvancedCounting,Summu aprēķināšana,,,
1,7,2,1,0,CreatingLinearCombinations,Lineāru kombināciju veidošana,,,
1,7,2,2,0,TelescopicSums,Teleskopiskā metode,,,
1,7,2,3,0,CountingBackAndForth,"Skaitīšana ""turp-atpakaļ""",,,
1,7,2,4,0,AbelFormula,Ābela formula,,,
1,7,2,5,0,GeneratingFunctions,Veidotājfunkciju metode,,,
1,7,2,6,0,InterpretationsInCounting,Interpretācijas,,,
1,7,2,6,1,CombinatorialNumbers,Kombinatoriskie skaitļi,,,
1,7,2,6,2,GeometricInterpretationsInCounting,Ģeometriskās interpretācijas,,,
1,7,2,6,3,OtherInterpretationsInCounting,Speciālas interpretācijas,,,
1,7,3,0,0,StudyingContinuousFunctions,Nepārtrauktu funkciju pētīšana,,,
1,7,4,0,0,UsingIntegrals,Integrāļa pielietojumi,,,
1,7,5,0,0,ExtremeProblemsForRealFunctions,Ekstrēmu uzdevumi,,,
1,7,6,0,0,NumberSets,Dažādas skaitļu kopas,"Naturāli, veseli, racionāli, reāli skaitļi; reālu skaitļu kopas pilnība",,
1,7,6,1,0,IrrationalNumbers,Iracionāli skaitļi,Rezultāti par skaitļu racionalitāti un iracionalitāti,,
1,7,6,2,0,QuadraticFields,Kvadrātiskie lauki,"Skaitļu lauki $\mathbb{Q}[\sqrt{d}]$, kas rodas pievienojot racionāliem skaitļiem $\sqrt{d}$",,
1,8,0,0,0,FunctionalEquations,Funkcionālvienādojumi,"Funkcionālvienādojumi, viena argumenta funkciju un vairākvietīgu operāciju aksiomas un interpretācijas",,
1,8,1,0,0,FunctionalEquationsInDiscreteSets,Funkcionālvienādojumi veseliem un racionāliem skaitļiem,,,
1,8,1,1,0,CreatingEquationSystems,Vienādojumu sistēmu veidošanas metode,,,
1,8,1,2,0,InequalitiesForFunctionalEquations,Nevienādību lietošana,,Vai pārklājas ar 5.2.2.4.0?,
1,8,1,3,0,FunctionalEquationsReduction,Reducēšanas metode,,,
1,8,1,4,0,ModelsForDiscreteFunctionalEquations,Modeļu veidošana,,Vai pārklājas ar 5.2.2.7.0?,
1,8,1,5,0,LinearRecurrences,Lineāru rekurenču atrisināšana,Rekurentās sakarības ar konstantiem koeficientiem un to atrisināšana,,
1,8,2,0,0,FunctionalEquationsForRealFunctions,Reālu funkciju funkcionālvienādojumi,Funkcionālvienādojumi reālo skaitļu kopā,,
1,8,2,1,0,CauchyEquationsAndRelated,"Košī vienādojumi un vienādojumi, kas uz tiem reducējas",,,
1,8,2,2,0,EquationsDescribingElementaryFunctions,Elementāro funkciju funkcionālvienādojumi,Klasisko elementāro funkciju raksturīgākie funkcionālvienādojumi un to pielietojumi,,
1,8,2,3,0,AuxiliaryFunctionMethod,Palīgfunkcijas metode,,,
1,8,2,4,0,InequalitiesForRealFunctionalEquations,Nevienādību lietošana,,,
1,8,2,5,0,ContinuityForFunctionalEquations,Nepārtrauktības īpašības izmantošana,,,
1,8,2,6,0,AdditiveFunctions,Aditīvas funkcijas,,,
1,8,2,7,0,ModelsForRealFunctionalEquations,Modeļu veidošana,,,
1,8,3,0,0,MultiargumentOpearationsAsAxioms,Vairākvietīgo operāciju aksiomātiskie apraksti,,,
1,8,3,1,0,DerivingNewPropertiesFromOthers,Vienu īpašību secināšana no citām,,,
1,8,3,2,0,UniquelyDeterminedOperations,Operāciju viennozīmīga noteikšana,,,
1,8,3,3,0,ModelsForMultiargumentOperations,Modeļu veidošana,,,
1,8,4,0,0,InterpretingAxiomSystems,Aksiomu sistēmu interpretācijas.,,,
2,0,0,0,0,Combinatorics,Kombinatorika,,,
2,1,0,0,0,CountingObjects,Objektu skaitīšana,"Noskaidrot, cik veidos var izvēlēties pārstāvjus, cik veidos var izdarīt kādas specifiskas darbības. Noteikt, cik veidos var sakārtot kādas kopas vai apakškopas elementus.",,
2,1,1,0,0,RuleOfProduct,Reizinājuma likums un saskaitīšanas likums,,,
2,1,1,1,0,RuleOfProductWithRepetitions,"Reizināšanas likums, ja iespējami atkārtojumi",,,
2,1,1,2,0,CountingSetDifference,Kopu starpības elementu saskaitīšana,,,
2,1,2,0,0,MethodOfRecurrentRelations,Rekurento sakarību metode,,,
2,1,2,1,0,LinearRecurrencesConstant,Lineārās rekurentās sakarības ar konstantiem koeficientiem,,,
2,1,2,2,0,LinearRecurrencesVariable,Lineārās rekurentās sakarības ar mainīgiem koeficientiem,,,
2,1,2,3,0,NonlinearRecurrences,Nelineāras rekurentas sakarības,,,
2,1,3,0,0,SetTraversalOrganization,Pārlases organizācija,,,
2,1,4,0,0,CountingSetOperations,Elementu skaitīšana kopu operācijās,"Elementu saskaitīšana kopu šķēlumos, apvienojumos, starpībās.",,
2,1,4,1,0,EulerVennDiagrams,Eilera un Venna diagrammu izmantošana kopas aprakstam,,,
2,1,4,2,0,InclusionExclusionPrinciple,Ieslēgšanas – izslēgšanas formula,,,
2,1,4,3,0,OtherCountingSetOperations,Cita kopu operāciju saskaitīšana,"Dažādu kopu operāciju aprēķināšana, pieskaitot un atņemot to šķēlumus vai apvienojumus.",,
2,1,5,0,0,InterpretationMethodInCounting,Interpretāciju metode skaitīšanā,,,
2,1,6,0,0,StandardCombinatorialNumbers,Kombinatoriskie skaitļi un to īpašības,,,
2,1,7,0,0,CountingFromEncoding,Iekodētu virknīšu saskaitīšana,"Saskaitīt vai konstruēt kaut ko, aizpildot alfabētiskā secībā",,
2,1,8,0,0,CountingUsingSymmetry,"Variantu saskaitīšana, izmantojot simetriju",,,
2,2,0,0,0,GraphProblems,Grafu uzdevumi,"Uzdevumi, kuros ir dots skaits objektu, starp katriem diviem no tiem var būt vai nebūt attiecība. Uzdevumi par draudzībām, pazīšanos, ceļiem starp pilsētām, saziņu ar vēstulēm vai pa telefonu.",,
2,2,1,0,0,MathObjectsAsGraphs,Matemātisku objektu attēlošana ar grafu palīdzību,,,
2,2,2,0,0,GraphVertexDegree,"Uzdevumi, kas saistīti ar grafa virsotnes kārtu",,,
2,2,2,1,0,GraphTwoVerticesEqualDegree,Katrā grafā ir divas virsotnes ar vienādu kārtu,,,
2,2,2,2,0,GraphVertexMaxDegree,Virsotne ar maksimālo kārtu,,,
2,2,2,3,0,DegreesInSugraphs,Apakšgrafu virsotņu kārtas,,,
2,2,3,0,0,Circuits,Cikli,,,
2,2,3,1,0,EulerCircuits,Eilera cikla eksistence un neeksistence,,,
2,2,3,2,0,HamiltonCircuits,Hamiltona cikla eksistence un neeksistence,,,
2,2,3,3,0,GraphDecompositionInCircuits,Grafa sadalījums ciklos un tā pielietojumi,,,
2,2,3,4,0,BipartiteGraphs,Divdaļīgi (bipartite) grafi,,,
2,2,4,0,0,GraphColoredEdges,Grafi ar krāsainām šķautnēm,,,
2,2,4,1,0,RamseyTheorem,Ramseja teorēma,,,
2,2,4,2,0,RamseyNumbers,Ramseja skaitļi,,,
2,2,4,3,0,CriticalRamseyGraphs,Kritiskie Ramseja grafi,,,
2,2,4,4,0,SaturatedGraphs,Piesātinātie grafi,,,
2,2,5,0,0,GraphColoredVertices,Grafi ar krāsainām virsotnēm,,,
2,2,6,0,0,GraphEnumeration,Grafu numerācijas,,,
2,2,6,1,0,GracefulLabeling,Graciozie grafi,"Gracioza virsotņu numurēšana grafā: Grafā ar $m$ šķautnēm piešķirt virsotnēm atšķirīgus numurus no $0$ līdz $m$ tā, lai katras šķautnes galapunktu numuru starpības būtu dažādas pēc absolūtās vērtības un pieņemtu visas vērtības no $[1;m]$. ",,
2,2,6,2,0,MagicGraphs,Maģiskie grafi,"Grafi, kuru šķautnes var sanumurēt ar naturāliem skaitļliem no $1$ līdz $m$ tā, lai katrai virsotnei pievienoto šķautņu numuru summa būtu viena un tā pati. ",,
2,2,7,0,0,PlanarGraphs,Planārie grafi,"Grafi, kurus var attēlot plaknē bez šķautņu krustošanās. ",,
2,2,7,1,0,GraphPlanarityConditions,Planaritātes nosacījumi,,,
2,2,7,2,0,EulerFormulaPlanarGraphs,Eilera formula un tās secinājumi,Eilera formula planāriem grafiem: $E = V+F-2$ un tās sekas,,
2,2,8,0,0,MinMaxTheorems,Minimaksa teorēmas,,,
2,2,8,1,0,HallTheorem,Holla teorēma,Sk. arī 3.11.4.4.1,,
2,2,8,2,0,DilworthLemmaAndTheorem,Dilvorsa lemma un Dilvorsa teorēma,Sk. arī 3.11.4.4.2,https://www.nms.lu.lv/fileadmin/user_upload/lu_portal/projekti/nms.lu.lv/Gramatas/Tematiskie/VidVeertMet_1996.pdf,
2,2,8,3,0,KonigTheorem,Kēniga teorēma,Kőnig-a teorēma par grafu maksimāliem sapārojumiem: Katrā divdaļu grafā šķautņu skaits maksimālā sapārojumā ir vienāds ar virsotņu skaitu minimālajā virsotņu pārklājumā.,"Atdalīta ""Kēniga"" un ""Erdeša-Sekereša"" teorēmas.
Nevarēju atrast ""Kēniga-Rado"" teorēmu ar Google",
2,2,8,4,0,ErdosSzekeresTheorem,Erdeša-Šekereša teorēma,"Naturāliem skaitļiem $r$, $s$ un katrai virknei ar vismaz $(r − 1)(s − 1) + 1$ reāliem skaitļiem ir vai nu monotoni augoša apakšvirkne garumā $r$, vai arī monotoni dilstoša apakšvirkne garumā $s$. ",,
2,3,0,0,0,Games,Spēles,"Dots, ka divi spēlētāji spēlē spēli, pārmaiņus izdarot. Jāizstrādā uzvarošā stratēģija kādam no spēlētājiem vai jānoskaidro, kurš no spēlētājiem uzvar, pareizi spēlējot. Šajā kategorijā neietilpst skaitļu teorijas spēles, kur gājieni ir veselu skaitļu vai to ciparu manipulācijas.",,
2,3,1,0,0,GamesSymmetry,Spēles ar simetriju,,,
2,3,1,1,0,GamesSymmetryDirect,Spēles ar tiešu simetriju,,,
2,3,1,2,0,GamesSymmetryGeneralized,Spēles ar vispārinātu simetriju,,,
2,3,2,0,0,GameModelCreation,Spēles modeļa veidošana,,,
2,3,2,1,0,GameModelAsGrid,Spēles modelis rūtiņu režģī,,,
2,3,2,2,0,GameModelAsGraph,Spēles modelis grafā,,,
2,3,3,0,0,GamesWithBackground,Spēles ar priekšvēsturi. Eppa-Fērgusona teorēma,,Šis punkts nav atrodams olimpiāžu literatūrā. Fergusons ir saistīts ar šo? https://www.cs.cmu.edu/afs/cs/academic/class/15859-s05/www/ferguson/comb.pdf,
2,3,4,0,0,WinningStrategyCleanProofs,Tīrie uzvarošās stratēģijas eksistences pierādījumi,,,
2,3,5,0,0,GameInvariant,Spēles invariants,,,
2,3,6,0,0,ProbabilisticGames,Varbūtiskās spēles,,Šo var arī pārvietot zem diskrētajām varbūtībām?,
2,3,7,0,0,ContinuousGames,Nepārtrauktās spēles,,Šo var pārvietot zem analīzes un funkcijām?,
2,4,0,0,0,CombinatorialAlgorithms,Kombinatoriskie algoritmi,"Uzdevumi par elementu sakārtošanu vai lielākā vai mazākā atrašanu. Uzdevumi, kuros ir procesi, kuru realizācijai jāizstrādā algoritms vai jānovērtē algoritma efektivitāte. Uzdevumi par svēršanu, turnīra uzvarētāja atrašanu. ",,
2,4,1,0,0,AlgorithmDecryption,Algoritmu atšifrēšana,,Ar ko šis atšķiras no algoritmu analīzes?,
2,4,2,0,0,AlgorithmAnalysis,Algoritmu analīze,,,
2,4,3,0,0,AlgorithmDesign,Algoritmu izstrāde,,,
2,4,3,1,0,DivideAndConquerAlgorithms,“Skaldi un valdi” tips,,,
2,4,3,2,0,ProcedureTypeAlgorithms,Apakšprogrammas tips,,,
2,4,3,3,0,InductiveAlgorithms,Induktīvie algoritmi,,,
2,4,3,4,0,ExhaustiveSearch,Pārlases algoritmi,,Ar ko šis atšķiras no 3.4.6.2.0 (izsmelšanas metode)?,
2,4,3,5,0,TreeTraversalBacktracking,Gadījumu koka apstaigāšana,"Atrisinājuma iegūšana ar sistemātisku variantu pārlasi, izveidojot ""backtracking"" koku un apstaigājot to dziļumā",,
2,4,4,0,0,AlgorithmOptimization,Algoritmu optimizēšana,,,
2,4,4,1,0,SortingAlgorithms,Kārtošanas algoritmi,,,
2,4,4,2,0,ArithmeticOperationAlgorithms,Aritmētisko darbību izpildes algoritmi,,,
2,4,4,3,0,AlgorithmsOnSyntaxTrees,Algoritmi sintakses kokos,Izteiksmes sintaktiskā analīze un izpilde kokveida datu struktūrā,,
2,4,4,4,0,GraphAlgorithms,Algoritmi grafos,Koka vai grafa apstaigāšana dziļumā (DFS) vai platumā (BFS),,
2,4,4,5,0,GeneralMethodsForLowerBounds,Vispārīgās apakšējo novērtējumu iegūšanas metodes.,,,
2,4,5,0,0,AlgorithmCorrectness,Algoritmu pareizības pierādīšana,,,
2,4,6,0,0,AlgorithmNonexistence,Algoritmu neeksistences pierādījumi,,,
2,4,6,1,0,InvariantsAndSemiinvariants,Invariantu un pusinvariantu lietošana,,,
2,4,6,2,0,ExhaustionMethod,Izsmelšanas metode.,,"Vai tas ir tas pats kas ""Brute Force""? Ir arī tāds ""Bucket sort""  - ""izsmelšanas metode kārtošanā""? ",
2,4,6,3,0,ModellingMethod,Modelēšanas metode,,,
2,4,6,4,0,GeneralLoopingIdea,Vispārīgā ieciklošanās ideja,,,
2,4,7,0,0,NondeterministicAlgorithms,Nedeterminēti algoritmi.,,,
2,4,8,0,0,ProbabilisticAlgorithms,Varbūtiskie algoritmi,,,
2,4,9,0,0,AlgorithmsWithIncompleteKnowledge,Algoritmi nepilnas informācijas apstākļos.,,,
2,5,0,0,0,CombinatorialStructures,Kombinatoriskas struktūras,Izvietojumi uz šaha galdiņa. Apakškopu sistēmas. Apakšvirkņu sistēmas. Paskāla trijstūris. Turnīri. Regulāri režģi. Latīņu kvadrāti,,
2,5,1,0,0,ChessPositions,Izvietojumi uz šaha galdiņa,,,
2,5,2,0,0,SystemsOfSubsets,Apakškopu sistēmas,,,
2,5,3,0,0,SystemsOfSubsequences,Apakšvirkņu sistēmas,,,
2,5,4,0,0,PascalTriangle,Paskāla trijstūris,,,
2,5,5,0,0,Tournaments,Turnīri,,"Sk. arī 3.11.8.1.1 ""Turnīri""",
2,5,6,0,0,RegularLattices,Regulāri režģi,,,
2,5,7,0,0,LatinSquares,Latīņu kvadrāti,,,
2,6,0,0,0,LogicProblems,Loģikas uzdevumi,"Uzdevumi par patiesiem un aplamiem izteikumiem, patiesības teikšanu un melošanu. Uzdevumi ar apslēptu informāciju. Paradoksi.",,
2,6,1,0,0,TrueAndFalseStatements,Uzdevumi par izteikumu patiesumu,,,
2,6,2,0,0,ProblemsWithHiddenInformation,Uzdevumi ar apslēptu informāciju,,,
2,6,3,0,0,Paradoxes,Paradoksi,,,
2,7,0,0,0,DiscreteProbability,Diskrētās varbūtības,"Atrast varbūtības izmantojot klasisko varbūtības definīciju. Aprēķināt notikumu varbūtības, izmantojot reizināšanas likumu un citus kombinatorikas paņēmienus. Nosacītas varbūtības un spriedumi par operācijām ar diskrētiem gadījumlielumiem (kuri var pieņemt sanumurējami daudz vērtību).",,
2,7,1,0,0,CombiningEvents,Notikumu un to kombināciju varbūtības,Notikumu varbūtību noteikšana ar Laplasa varbūtības definīciju,,
2,7,2,0,0,ConditionalProbability,Nosacītā varbūtība,Nosacītā varbūtība un Beiesa formula,,
2,7,3,0,0,DiscreteRandomVariables,Diskrētie gadījumlielumi,"Gadījumlielumi, to sadalījuma un blīvuma funkcijas, darbības ar tiem",,
2,7,3,1,0,DiscreteRandomVariablesMoments,Gadījumlieluma vidējās vērtība un dispersija,Gadījumlieluma aprakstīšana ar vidējo vērtību n ,,
2,7,3,1,1,IndependentRandomVariables,Neatkarīgu gadījumlielumu īpašības,$E(X+Y)$ un $V(X+Y)$ formulas,,
2,7,3,1,2,RandomVariableInequalities,Markova un Čebiševa nevienādības,Apgalvojumi par gadījumlieluma novirzi no savas vidējās vērtības,,
2,7,3,2,0,KnownDistributions,Pazīstami varbūtiskie sadalījumi,"Bernulli, binomiālais, Puasona, logaritmiskais, ģeometriskais, hiperģeometriskais, Zipfa, Benforda sadalījumi",,
3,0,0,0,0,Geometry,Ģeometrija,"Ģeometrijas tēmas; Apgalvojumi un sakarības par vienkāršām figūrām, kas iegūstamas ar cirkuli un lineālu Eiklīda plaknē un to kongruences vai līdzības pārveidojumiem",,
3,1,0,0,0,Constructions,Konstrukcijas uzdevumi,"Uzdevumi, kuros doti specifiski trijstūra elementi un, izmantojot cirkuli un lineālu, jākonstruē trijstūri. Uzdevumi, kuros doti konkrēti punkti un/ vai nogriežņi, taisnes, leņķi vai riņķa līnijas un nepieciešams konstruēt trijstūri, četrstūri, leņķi, taisni, staru vai riņķa līniju, izmantojot cirkuli un lineālu. Iespējami arī uzdevumi, kuros ļauts izmantot tikai lineālu, divpusēju lineālu vai uzstūri (taisnleņķa lineālu). Citi konstrukcijas uzdevumi.",,
3,1,1,0,0,LocusMethod,Punktu ģeometriskās vietas metode,,,
3,1,2,0,0,InscribedAngle,Ievilkts leņķis,,,
3,1,3,0,0,SimilarTriangles,Līdzīgi trijstūri un homotētija,,,
3,1,4,0,0,ConstructingTrianglesFromElements,Trijstūru konstruēšana no dažādiem elementiem,,,
3,1,5,0,0,ConstructingTrianglesFromPoints,"Trijstūru konstruēšana, ņemot vērā dažādus punktus",,,
3,1,6,0,0,ConstructingTriangles,Trijstūri,,,
3,1,7,0,0,ConstructingQuadrilaterals,Četrstūri,,,
3,1,8,0,0,ConstructingCircles,Riņķa līnijas,,,
3,1,9,0,0,CirclesOfApollonius,Apolonija riņķa līnijas,,,
3,1,10,0,0,ConstructingWithRulerOnly,Konstruēšana ar tikai lineālu,,,
3,1,11,0,0,ConstructingWithDoubleSidedRuler,Konstrukcijas ar divpusēja lineāla palīdzību,,,
3,1,12,0,0,ConstructingWithRectangularRuler,"Konstrukcijas, kurās izmanto taisnleņķa lineālu",,,
3,1,13,0,0,ConstructionsTriangulate,Triangulācija,Veikt daudzstūru triangulāciju,,
3,1,14,0,0,ConstructionsSmallMovements,Mazi ģeometriski pārvietojumi,"Izdarīt spriedumus, kuros ir ""ļoti mazi"" ģeometriski pārvietojumi",,
3,2,0,0,0,AnglesAndTriangleSimilarity,Leņķi un līdzīgi trijstūri,"Uzdevumi, kuros jāpierāda, ka kādas taisnes vai nogriežņi ir paralēli vai perpendikulāri. Uzdevumi, kuros dota vai jāpierāda nogriežņu garumu attiecība vai leņķu vienādība. Uzdevumi par līdzīgiem trijstūriem vai līdzīgiem daudzstūriem un to malu garumu vai laukumu attiecībām.",,
3,2,1,0,0,AnglesParallelLines,"Nogriežņi, kurus krusto paralēlas taisnes","Leņķi un paralēlas taisnes: blakusleņķi (linear pairs), krustleņķi (vertical angles), kāpšļu leņķi (corresponding angles), iekšējie un ārējie leņķi (interior and exterior angles)",,
3,2,2,0,0,SimilarTriangleSideRatio,Līdzīgu trijstūru malu attiecība,,,
3,2,3,0,0,SimilarTriangleAreaRatio,Līdzīgu trijstūru laukumu attiecība,,,
3,2,4,0,0,UsingEqualTriangles,Trijstūru vienādības pierādījuma lietojums,,,
3,2,5,0,0,TriangleFromAltitudeFeet,"Trijstūris, ko nosaka augstumu pamati",,,
3,2,6,0,0,SimilarShapes,Līdzīgas figūras,,,
3,3,0,0,0,Circle,Riņķa līnijas,"Uzdevumi par riņķa līnijām un to hordām, pieskarēm, ievilktiem leņķiem.Punkti uz riņķa līnijas. Riņķa līnijā ievilkts trijstūris, četrstūris, daudzstūris. Leņķis riņķa līnijā. Ievilkta riņķa līnija. Apvilkta riņķa līnija.",,
3,3,1,0,0,CircleAnglesTangents,Riņķa līniju pieskares,,,
3,3,2,0,0,IntersectingChordsTheorem,Hordu garumu reizinājums.,,,
3,3,3,0,0,CircleInscribedAngles,"Leņķi, kas balstās uz vienādiem lokiem",Izmantot riņķī ievilkta leņķa īpašības,,
3,3,4,0,0,AngleBetweenChords,Leņķis starp divām hordām,,,
3,3,5,0,0,AngleBetweenTangentChord,Leņķis starp pieskari un hordu,,,
3,3,6,0,0,ExpressingArcChordByAngle,Loka un hordas izteikšana ar leņķi,"Attiecības starp leņķa lielumu un loka un hordas garumiem, kas saistīti ar leņķi",,
3,3,7,0,0,FourPointsOnCircle,Četri punkti uz vienas riņķa līnijas,,,
3,3,8,0,0,InscribedAngleAndSimilarTriangles,Ievilkts leņķis un līdzīgi trijstūri,,,
3,3,9,0,0,BisectorDividingArcInTwo,Bisektrise sadala loku uz pusēm,,,
3,3,10,0,0,CyclicQuadrilateralDiagonalAngle90,Ievilkts četrstūris ar perpendikulārām diagonālēm,,,
3,3,11,0,0,TwoTangentsFromSinglePoint,"Divas pieskares, kas novilktas no viena punkta",,,
3,3,12,0,0,TangentCircles,"Riņķa līnijas, kas pieskaras",,,
3,3,13,0,0,ThreeEqualCircles,Trīs riņķa līnijas ar vienādu rādiusu,,,
3,3,14,0,0,ThreeCircumscribedCirclesIntersecting,Trīs apvilktas riņķa līnijas krustojas vienā punktā,,,
3,3,15,0,0,CircleInscribedInCircularSegment,Segmentā ievilktas riņķa līnijas,,,
3,3,16,0,0,RadicalAxis,Radikālā ass,,,
3,4,0,0,0,Triangle,Trijstūris,"Uzdevumos dots trijstūris un ar to saistīti punkti vai taisnes, vai riņķa līnijas. Trijstūris un tā ievilktā un apvilktā riņķa līnija. Taisnleņķa trijstūri. Vienādmalu trijstūris.  Vienādsānu trijstūri. Trijstūri ar leņķiem $60^{\circ}$ vai $120^{\circ}$.Trijstūri, kuru malu garumi ir veseli skaitļi.  Ar trijstūri saistītas līnijas un ģeometriskas sakarības.  Menelaja teorēma. Čevas teorēma. Simsona taisne. Pēdas punktu trijstūris. Eilera taisne un deviņu punktu riņķa līnija. Brokāra punkti . Lemuāna punkts.",,
3,4,1,0,0,TriangleMetric,Metriskas sakarības trijstūrī,,,
3,4,1,1,0,TriangleAngles,Trijstūra leņķu sakarības,Izmantot trijstūra iekšējo un ārējo leņķu sakarības,,
3,4,1,2,0,TriangleArea,Laukuma formulas,Izmantot trijstūru laukuma formulas,,
3,4,1,2,1,TriangleAreaFromBaseAltitude,Trijstūra laukums ar pamatu un augstumu,Izmantot trijstūra laukuma formulu $S=\frac{ah}{2}$,,
3,4,1,2,2,TrinagleAreaFromSidesAndAngle,Trijstūra laukums ar malām un leņķi,Izmantot trijstūra laukuma formulu $S=\frac{1}{2}ab \sin \gamma$,,
3,4,2,0,0,TriangleIncircleCircumcircle,Trijstūris un tā ievilktā un apvilktā riņķa līnija,,,
3,4,3,0,0,TrianglesSpecial,Speciālu veidu trijstūri,Izmantot noteiktu trijstūru apakškopu īpašības,,
3,4,3,1,0,TrianglesRight,Taisnleņķa trijstūri,,,
3,4,3,2,0,TrianglesEquilateral,Vienādmalu trijstūris,Izmantot vienādmalu trijstūru īpašības,,
3,4,3,3,0,TrianglesIsosceles,Vienādsānu trijstūri,Izmantot vienādsānu trijstūru īpašības,,
3,4,3,4,0,TrianglesWithAngles60or120,Trijstūri ar leņķiem $60^{\circ}$ vai $120^{\circ}$,,,
3,4,3,5,0,TrianglesWithIntegerSides,"Trijstūri, kuru malu garumi ir veseli skaitļi",,,
3,4,4,0,0,TriangleCongruence,Vienādības pazīmes,Izmantot trijstūru vienādības pazīmes,,
3,4,5,0,0,ConstructionsRelatedToTriangle,Konstrukcijas saistībā ar trijstūri,Ar trijstūri saistītas ģeometriskas sakarības un konstrukcijas un to lietojumi,,
3,4,5,1,0,MenelausTheorem,Menelaja teorēma,,,
3,4,5,2,0,CevaTheorem,Čevas teorēma,,,
3,4,5,3,0,SimsonLine,Simsona taisne,,,
3,4,5,4,0,PedalTriangle,Pēdas punktu trijstūris,,,
3,4,5,5,0,EulerLineAndNinePointCircle,Eilera taisne un deviņu punktu riņķa līnija,,,
3,4,5,6,0,BrocardPoints,Brokāra punkti,,,
3,4,5,7,0,LemoinePoint,Lemuāna punkts,,,
3,5,0,0,0,Quadrilaterals,Četrstūris,Kvadrāts. Taisnstūris. Rombs. Trapece. Ievilkti četrstūri. Apvilkti četrstūri. Ptolemaja teorēma.,,
3,5,1,0,0,SpecialQuadrilaterals,Speciāli četrstūru veidi,,,
3,5,1,1,0,Square,Kvadrāts,Izmantot kvadrātu ģeometriskās īpašības,,
3,5,1,2,0,Rectangles,Taisnstūris,Izmantot taisnstūru ģeometriskās īpašības,,
3,5,1,3,0,Rhombus,Rombs,Izmantot rombu ģeometriskās īpašības,,
3,5,1,4,0,Parallelograms,Paralelograms,Izmantot paralelogramu ģeometriskās īpašības,,
3,5,1,5,0,Trapezoids,Trapece,Izmantot trapeču ģeometriskās īpašības un laukuma formulu,,
3,5,1,6,0,CyclicTangentialQuadrilaterals,Ievilkti un apvilkti četrstūri,,,
3,5,1,7,0,PtolemyTheorem,Ptolemaja teorēma,,,
3,5,1,8,0,QuadrilateralsOther,Pārējie uzdevumi par četrstūriem,,,
3,6,0,0,0,Polygons,Daudzstūris,Piecstūri. Sešstūri. Regulāri daudzstūri. Ievilkti un apvilkti daudzstūri. Patvaļīgi izliekti daudzstūri. Paskāla teorēma. Helli teorēma. Ieliekti daudzstūri. Izoperimetriskā nevienādība.,,
3,6,1,0,0,PolygonPerimeter,Daudzstūra perimetrs,Daudzstūra perimetra atrašana un novērtējumi,,
3,6,2,0,0,PolygonAnglesSum,Daudzstūra iekšējo leņķu summa,Izmantot daudzstūru leņķu summas sakarību $180^{\circ}(n-2)$ un citas leņķu sakarības,,
3,6,3,0,0,Pentagons,Piecstūri,,,
3,6,4,0,0,Hexagons,Sešstūri,,,
3,6,5,0,0,PolygonRegular,Regulāri daudzstūri,Regulāru daudzstūru īpašības un elementi,,
3,6,6,0,0,InscribedCircumscribedPolygons,Ievilkti un apvilkti daudzstūri,,,
3,6,7,0,0,ConvexPolygons,Patvaļīgi izliekti daudzstūri,,,
3,6,8,0,0,PascalTheorem,Paskāla teorēma,,,
3,6,9,0,0,HellyTheorem,Helli teorēma,,,
3,6,10,0,0,ConcavePolygons,Ieliekti daudzstūri,,,
3,6,11,0,0,IsoperimetricInequality,Izoperimetriskā nevienādība,,,
3,7,0,0,0,Area,Laukums,"Laukumu aprēķināšana. Četrstūra laukuma formulas. Laukumi trijstūriem vai citām figūrām, kurās ir sadalīts daudzstūris. Vienlielas figūras. Mediāna sadala trijstūri vienādu laukumu trijstūros. Taisnes un līknes, kas sadala figūras vienlielās daļās. Laukumu pārgrupēšana.",,
3,7,1,0,0,ComputingArea,Laukumu aprēķināšana,,,
3,7,2,0,0,QuadrilateralArea,Četrstūri un laukumi,,,
3,7,2,1,0,QuadrilateralAreaExpressions,Četrstūra laukuma formulas,,,
3,7,2,2,0,QuadrilateralDivideIntoTrianglesArea,"Laukumi trijstūriem, kuros ir sadalīts četrstūris",,,
3,7,2,3,0,QuadrilateralDIvideIntoShapesArea,"Laukumi figūrām, kuras iegūst, sadalot četrstūri",,,
3,7,3,0,0,ShapesOfSameArea,Vienlielas figūras,,,
3,7,3,1,0,MedianDividingAreaInHalf,Mediāna sadala trijstūri vienādu laukumu trijstūros,,,
3,7,3,2,0,LinesAndCurvesDividingAreaInHalf,"Taisnes un līknes, kas sadala figūras vienlielās daļās",,,
3,7,4,0,0,UsingAreaInSolution,Laukuma izmantošana uzdevumu risinājumos,,,
3,7,5,0,0,RegroupingAreas,Laukumu pārgrupēšana,,,
3,8,0,0,0,Locus,Punktu ģeometriskā vieta,"Uzdevumi, kuros jāatrod punktu ģeometrskā vieta vai trajektorija. Atrast punktu kopu plaknē ar noteiktām īpašībām.  Pierādīt, ka dotajā veidā iegūtie punkti ir uz vienas taisnes vai vienas riņķa līnijas. Pierādīt, ka dotās līnijas krustojas vienā punktā. Karno teorēma.",,
3,8,1,0,0,LocusLineOrSegment,Punktu ģeometriskā vieta – taisne vai nogrieznis,,,
3,8,2,0,0,LocusCircleOrArc,Punktu ģeometriskā vieta – riņķa līnija vai loks,,,
3,8,3,0,0,InscribedAngle,Ievilkts leņķis,,,
3,8,4,0,0,AuxiliaryTrianglesEqualOrSimilar,Vienādi vai līdzīgi palīgtrijstūri,,,
3,8,5,0,0,Homothety,Homotētija,,,
3,8,6,0,0,LocusMethod,Punktu ģeometriskās vietas metode,,,
3,8,7,0,0,LocusWithNonzeroArea,Punktu ģeometriskā vieta ar nenulles laukumu,,,
3,8,8,0,0,CarnotTheorem,Karno teorēma,"$P_a, P_b, P_c$ ir trīs perpendikulu pamati pret trijstūra malām $a, b, c$. Šie trīs perpendikuli krustojas vienā punktā tad un tikai tad, ja izpildās vienādība $|AP_c|^2+|BP_a|^2+|CP_b|^2=|BP_c|^2+|CP_a|^2+|AP_b|^2$",,
3,8,9,0,0,FermatApolloniusCircles,Fermā-Apolonija riņķa līnija,,,
3,9,0,0,0,MetricComputations,Metriskās sakarības,"Uzdevumi, kuros ģeometrisku apgalvojumu pamato ar algebrisku vai trigonometrisku izteiksmi. Uzdevumi, kuros dota sakarība starp ģeometriskiem lielumiem un jāpierāda, ka tā nav atkarīga no punkta vai taisnes izvēles. Uzdevumi, kuros jāpierāda nogriežņu vienādība vai jāaprēķina to attiecība. Uzdevumi, kuros jāaprēķina leņķi vai attālumi. Sinusu teorēma, kosinusu teorēma. Koordinātu izmantošana. Ievilkto, apvilkto un pievilkto riņķa līniju rādiusi. Malu, augstumu, bisektrišu garumi. Trijstūra leņķu sinusi un kosinusi. Trijstūra leņķu tangensi un kotangensi.",,
3,9,1,0,0,SineTheorem,Sinusu teorēma,,,
3,9,2,0,0,CosineTheorem,Kosinusu teorēma,,,
3,9,3,0,0,IncircleCircumcircleExcircle,"Ievilktās, apvilktās, pievilktās riņķa līnijas","Ievilktās, apvilktās un pievilktās riņķa līnijas, to rādiusi",,
3,9,4,0,0,LengthsOfSidesAltitudesBisectors,"Malu, augstumu, bisektrišu garumi",,,
3,9,5,0,0,TriangleAnglesSineCosine,Trijstūra leņķu sinusi un kosinusi,,,
3,9,6,0,0,TriangleAnglesTangentCotangent,Trijstūra leņķu tangensi un kotangensi,,,
3,9,7,0,0,ExpressingAngles,Leņķu aprēķināšana,,,
3,9,8,0,0,Circles,Riņķa līnijas,,,
3,9,9,0,0,CoordinateMethod,Koordinātu metode,,,
3,10,0,0,0,GeometricInequalities,Ģeometriskas nevienādības,"Pierādīt, ka kāds attālums nepārsniedz citu attālumu vai citu ģeometrisku nevienādību.",,
3,10,1,0,0,InequalitiesForTriangleElements,Nevienādības trijstūra elementiem,,,
3,10,1,1,0,InequalitiesForTriangleMedians,Nevienādības trijstūra mediānām,,,
3,10,1,2,0,InequalitiesForTriangleAltitudes,Nevienādības trijstūra augstumiem,,,
3,10,1,3,0,InequalitiesForTriangleBisectors,Nevienādības trijstūra bisektrisēm,,,
3,10,1,4,0,InequalitiesForSides,Nevienādības malu garumiem,,,
3,10,1,5,0,InequalitiesIncircleCircumcircleExcircle,"Ievilkto, apvilkto, pievilkto riņķa līniju nevienādības",,,
3,10,1,6,0,InequalitiesTriangleAngles,Nevienādības starp trijstūra leņķiem,,,
3,10,1,7,0,InequalitiesTriangleArea,Nevienādības trijstūra laukumam,,,
3,10,1,8,0,LongestSideLargestAngle,Pret garāko malu ir lielākais leņķis,,,
3,10,1,9,0,SegmentWithinTriangle,Nogrieznis trijstūra iekšpusē,Jebkurš nogrieznis trijstūra iekšpusē ir īsāks par garāko malu,,
3,10,1,10,0,InequalitiesRightTriangle,Nevienādības taisnleņķa trijstūrī,,,
3,10,1,11,0,InequallitiesAcuteTriangle,Nevienādības šaurleņķa trijstūrī,,,
3,10,1,12,0,TriangleAreaAndHalfproductOfSides,Trijstūra laukums un $\frac{1}{2}ab$,Trijstūra laukums nepārsniedz divu malu reizinājuma pusi,,
3,10,2,0,0,QuadrilateralSumOfDiagonals,Četrstūra diagonāļu garumu summa,,,
3,10,3,0,0,AreaInequalities,Laukumu nevienādības,,,
3,10,4,0,0,AreaForEnclosedShapes,"Laukums, ja viena figūra atrodas citā",,,
3,10,5,0,0,PolygonalChainsInSquare,Kvadrātā ievilktas lauztas līnijas,,,
3,11,0,0,0,MaxMinProblems,Ekstrēmi ģeometrijā,"Uzdevumi, kuros jāatrod punkti, no kuriem attālumi vai attālumu summas veido maksimālo jeb lielāko vai minimālo jeb mazāko kādas izteiksmes vērtību. Uzdevumi, kuros jāatrod lielākais iespējamais leņķis. Uzdevumi, kuros jāatrod minimālais vai maksimālais laukums.Uzdevumi, kuros jāatrod punkta vai taisnes stāvoklis, pie kura tiek iegūts minimālais vai maksimālais laukums.",,
3,11,1,0,0,MaxMinInTriangle,Trijstūris,,,
3,11,2,0,0,MaxMinExtremePoints,Trijstūra ekstremālie punkti,,,
3,11,3,0,0,MaxMinAngles,Leņķis,,,
3,11,4,0,0,MaxMinQuadrilateral,Četrstūri,,,
3,11,5,0,0,MaxMinPolygons,Daudzstūri,,,
3,11,6,0,0,MaxMinRegularPolygons,Regulāro daudzstūru ekstremālās īpašības,,,
3,12,0,0,0,Vectors,Vektori,Visi uzdevumi par vektoriem. ,,
3,12,1,0,0,VectorsAsPolygonSides,"Vektori, ko veido daudzstūru malas",,,
3,12,2,0,0,ScalarProduct,Skalārais reizinājums. Attiecības,,,
3,12,3,0,0,Inequalities,Nevienādības,,,
3,12,4,0,0,VectorSums,Vektoru summas,,,
3,12,5,0,0,AuxiliaryProjections,Palīgprojekcijas,,,
3,12,6,0,0,VectorsMeanValueMethod,Vidējās vērtības metode,,,
3,12,7,0,0,PseudoScalarProduct,Pseidoskalārais reizinājums.,,,
3,13,0,0,0,GeometricTransformations,Ģeometriskie pārveidojumi,"Paralēlā pārnese, centrālā simetrija, aksiālā simetrija. Simetrijas kompozīcijas. Simetrijas un simetrijas asu īpašības. Pagriezieni un pagriezienu kompozīcijas. Homotētija, homotētiju kompozīcijas un pagrieziena homotētija. Inversija. Afīnie pārveidojumi, projektīvās transformācijas.",,
3,13,1,0,0,ParallelTranslations,Paralēlā pārnese,,,
3,13,2,0,0,CentralSymmetry,Centrālā simetrija,,,
3,13,3,0,0,AxisSymmetry,Aksiālā simetrija,,,
3,13,3,1,0,SolutionsWithSymmetry,Uzdevumu risināšana ar simetrijas palīdzību,,,
3,13,3,2,0,AxisSymmetryConstructions,Konstrukcijas ar asu simetriju,,,
3,13,3,3,0,InequalitiesAndExtremesWithSymmetry,Nevienādības un ekstrēmi,,,
3,13,3,4,0,CompositionsOfSymmetries,Simetrijas kompozīcijas,,,
3,13,3,5,0,SymmetryAxesProperties,Simetrijas un simetrijas asu īpašības,,,
3,13,4,0,0,Rotation,Pagrieziens,,,
3,13,4,1,0,RotationBy90,Pagrieziens par $90^{\circ}$,"Pagriezieni par $90^{\circ}$, tsk. koordinātu ģeometrijā vai uzdevumos par rūtiņu papīru.",,
3,13,4,2,0,RotationBy60,Pagrieziens par $60^{\circ}$,,,
3,13,4,3,0,RotationByAnyAngle,Pagriezieni par patvaļīgiem leņķiem,,,
3,13,4,4,0,CompositionsOfRotations,Pagriezienu kompozīcijas,,,
3,13,5,0,0,HomothetyAndDilation,Homotētija un pagrieziena homotētija,,,
3,13,5,1,0,HomotheticPolygons,Homotētiski daudzstūri,,,
3,13,5,2,0,HomotheticCircles,Homotētiskas riņķa līnijas,,,
3,13,5,3,0,HomothetyConstructionsAndLoci,Konstrukcijas un punktu ģeometriskā vieta,,,
3,13,5,4,0,HomothetyCompositions,Homotētiju kompozīcijas,,,
3,13,5,5,0,HomothetyWithRotation,Pagrieziena homotētija,,,
3,13,5,6,0,HomothetyWithRotationCenter,Pagrieziena homotētijas centrs,,,
3,13,5,7,0,ComposingHomothetiesWithRotation,Pagrieziena homotētiju kompozīcija,,,
3,13,6,0,0,Inversion,Inversija,,,
3,13,6,1,0,InversionProperties,Inversijas īpašības,,,
3,13,6,2,0,ConstructingCompassOnly,Konstrukcijas tikai ar cirkuļa palīdzību,,,
3,13,6,3,0,PointAndCircleIncidence,Punktu un riņķa līniju incidence,"Punkti, kas atrodas uz vienas riņķa līnijas, un riņķa līnijas, kas iet caur vienu punktu",,
3,13,6,4,0,ChainsOfCircles,Riņķa līniju ķēdes,,,
3,13,6,5,0,InversionOtherApplications,Citi inversijas lietojumi,,,
3,13,7,0,0,AffineTransformations,Afīnie pārveidojumi,,,
3,13,8,0,0,ProjectiveTransformations,Projektīvās transformācijas,,,
3,13,8,1,0,ProjectingLine,Taisnes projektīvās transformācijas,,,
3,13,8,2,0,ProjectingPlane,Plaknes projektīvās transformācijas,,,
3,13,8,3,0,ProjectingLineToInfinity,Pārveidosim doto taisni uz bezgalību,,,
3,13,8,4,0,ProjectionsPreservingCircle,"Projekcijas, kas saglabā riņķa līniju","Projektīvo pārveidojumu pielietošana, kas saglabā riņķa līniju",,
3,13,8,5,0,ProjectingLineInConstructions,Taisnes projektīvie pārveidojumi konstrukcijās,Taisnes projektīvo pārveidojumu lietošana konstrukcijas uzdevumos.,,
3,13,8,6,0,RulerOnlyImpossibleConstructions,Konstrukcijas neiespējamība tikai ar lineāla palīdzību,,,
3,14,0,0,0,SystemsGeometricObjects,Ģeometrisku objektu sistēmas,"Punktu, nogriežņu un citu ģeometrisku objektu sistēmas. Doti n punkti, jāpierāda kādas to īpašības. Jānoskaidro, vai kaut kas ir iespējams. ",,
3,14,1,0,0,LayoutOfPointSystems,Punktu sistēmu ģeometriskais novietojums,,,
3,14,2,0,0,LayoutOfSegmentsLinesCircles,"Nogriežņu, taišņu un riņķa līniju izvietojums",,,
3,14,3,0,0,CountingPointsSegmentsAndOthers,"Punktu, nogriežņu un citu ģeometrisku objektu skaits",,,
3,15,0,0,0,CuttingCoversColoring,"Griezumi, pārklājumi, krāsojumi","Uzdevumi, kuros jāsagriež daudzstūri speciāla veida daļās un tad no tām jāsaliek prasītā figūra. Uzdevumi, kuros jāpierāda, ka nevar sagriezt daudzstūri prasītā veida daļās. Uzdevumi, kuros jāpēta sagriežot iegūto daļu īpašības. Uzdevumi, kuros jānoskaidro, vai ir iespējams sagriezt daudzstūri prasītā veida daļās. Daļas var būt trijstūri, paralelogrami, rombi, trapeces. Jāsaliek var būt taisnstūris, cits daudzstūris. Uzdevumi, kuros jāpārklāj ģeometriska figūra ar citām. Te var būt nogriežņi, trijstūri, daudzstūri, riņķi. Uzdevumi par daudzstūru novietojumu plaknē tā lai tie nepārklājas. Uzdevumi par daudzstūru sagiešans rezultātā iegūto daļu  krāsošanu un par plaknes krāsojumu īpašībām.",,
3,15,1,0,0,CuttingPlaneWithLines,Kā taisnes sadala plakni,,,
3,15,2,0,0,CuttingInParallelograms,Sadalīšana paralelogramos.,,,
3,15,3,0,0,CuttingShapesSpecial,Sadalīšana daļās ar speciālām īpašībām.,,,
3,15,4,0,0,CoverProblems,Figūru pārklāšanas uzdevumi,,,
3,15,5,0,0,ColoringProblems,Uzdevumi par krāsojumiem,,,
3,16,0,0,0,IntegerLattices,Veselie režģi,"Uzdevumi, kuros tiek lietotas rūtiņu režģa virsotnes vai pieminētas veselas koordinātas. Citi uzdevumi plaknē, kas sadalīta bezgalīgi daudzos regulāros trijstūrīšos, kvadrātiņos vai sešstūrīšos.",,
3,16,1,0,0,PolygonsInLattices,Daudzstūri ar virsotnēm režģa mezglos,,,
3,16,2,0,0,SquareGrid,Dažādi uzdevumi rūtiņu lapā,Izmantot rūtiņu laukuma īpašības,,
3,16,2,1,0,SquareGridShapes,Figūras rūtiņu plaknē,Veidot figūriņas pa rūtiņu līnijām,,
3,16,2,2,0,SquareGridCutting,Sagriešana un pārklāšana rūtiņu laukumā,Risināt rūtiņu laukumu sagriešanas uzdevumus,,
4,0,0,0,0,NumTheory,Skaitļu teorija,Skaitļu teorija,,
4,1,0,0,0,Divisibility,Skaitļu dalāmība,"Uzdevumi par dalāmības attiecību, saliktu skaitļu un pirmskaitļu pazīšana. Uzdevumi par LKD un MKD; fiksēta skaitļa visu dalītāju režģis. Skaitļa visu dalītāju skaita un summas formulas.",,
4,1,1,0,0,DivisibilityRules,Dalāmības pazīmes,"Dalāmības pazīmes, kas pārbauda dalāmību vai kongruences, izmantojot skaitļa decimālpierakstu",,
4,1,1,1,0,DivisibilityRulesFor2And4,"Dalāmības pazīmes ar 2, 4, 8","Skaitlis dalās ar $2**k$ tad un tikai tad, ja pēdējie $k$ cipari dalās ar $2**k$",,
4,1,1,2,0,DivisibilityRulesLastDigits,Dalāmības pazīmes ar 2 un 5 reizinājumiem,"Dalāmības pazīmes, kurās pietiek aplūkot dažus pēdējos ciparus",,
4,1,1,3,0,DivisibilityRulesFor3And9,Dalāmības pazīmes ar 3 un 9,Dalāmības pazīmes ar $3$ un $9$,,
4,1,1,4,0,DivisibilityRuleFor11,Dalāmības pazīme ar 11,"Skaitlis dalās ar $11$ tad un tikai tad, ja ciparu summa pāru pozīcijās mīnus ciparu summa nepāru pozīcijās dalās ar 11",,
4,1,1,5,0,DivisibilityRulesOther,Citas dalāmības pazīmes,Dalāmības pazīmes ar dažādiem citiem skaitļiem,,
4,1,1,6,0,DivisibilityRulesForRemainders,Vispārinātas dalāmības pazīmes skaitļu atlikumiem,"Dalāmības pazīmju vispārinājumi, kas ļauj noskaidrot atlikumus. Piemēram, katrs naturāls $n$ ir kongruents ar savu ciparu summu $S(n)$ pēc 9 moduļa",,
4,1,2,0,0,DivisibilityProperties,Dalāmības īpašības,Veselu skaitļu dalāmības attiecības īpašības,,
4,1,3,0,0,DivisorsOfFactorial,Skaitļa $n!$ dalītāji,Ar kādām pirmskaitļu pakāpēm dalās $n!$,Vai tā ir Ležandra formula (pIrmskaitļa kārta $n!$ izteiksmē)? Varbūt šo tēmu pārvietot pie valuācijām (1.3.0.0.0)?,
4,1,4,0,0,GcdAndLcm,LKD un MKD,Lielākais kopīgais dalītājs un mazākais kopīgais dalāmais,,
4,1,4,1,0,MutualPrimes,Savstarpēji pirmskaitļi,"Vienkārši secinājumi par savstarpējiem pirmskaitļiem; sakarība $\gcd(n,n+1)=1$. Skaitlis dalās ar savstarpējiem pirmskaitļiem t.t.t. ja tas dalās ar šo skaitļu reizinājumu.",,
4,1,4,2,0,GcdAndLcmProperties,LKD un MKD īpašības,Formulas un sakarības ar LKD un MKD,,
4,1,4,3,0,BezoutIdentity,Bezū identitāte,Vienādojuma $ax+by=d$ atrisināmība veselos skaitļos. Norēķini ar 2 veidu monētām. ,,
4,1,4,3,1,ArithmeticSeriesDivisibility,Aritmētiskas progresijas dalāmība,Aritmētiskas progresijas locekļu dalāmība. Visi skaitļa daudzkārtņi veido aritmētisku progresiju.,,
4,1,4,3,2,ArithmeticSeriesGaps,Daudzkārtņu atstarpes aritmētiskā progresijā,"Secināt, ka katrs $p$-tais aritmētiskas progresijas loceklis dalās ar $p$, ja $\mbox{LKD}(d,p)=1$",,
4,1,4,3,3,ArithmeticSeriesAll,Aritmētiskas progresijas atlikumi,"Secināt, ka aritmētiska progresija pieņem visus atlikumus, dalot ar $p$, ja $\mbox{LKD}(d,p)=1$",,
4,1,4,4,0,PythagoreanTriples,Pitagora trijnieki,Vienādojuma $a^2+b^2=c^2$ bezgalīgi daudzie veselie atrisinājumi,,
4,1,5,0,0,EuclideanAlgorithm,Eiklīda algoritms,"Eiklīda algoritms $\gcd(a,b)=d$ atrašanai kā atrisinājuma sastāvdaļa; tsk. paplašinātais algoritms Bezū identitātei $ax+by=d$",,
4,1,6,0,0,MultiplesInInterval,Daudzkārtņu skaits intervālā,Skaitļa $n$ daudzkārtņu skaits intervālā; arī aritmētiskas progresijas locekļu skaits kādā intervālā,,
4,2,0,0,0,IntegerFactorization,Skaitļa pirmreizinātāji,"Aritmētikas pamatteorēma par dalījumu pirmreizinātājos. Uzdevumi, kas pārbauda dalāmību, tās vietā pārbaudot dalāmību ar visu pirmreizinātāju pakāpēm. Valuācija kā augstākā pirmskaitļa pakāpe, ar ko var izdalīt doto skaitli. ",,
4,2,1,0,0,CanonicalFactorization,Naturāla skaitļa kanoniskais sadalījums pirmreizinātājos,"Aritmētikas pamatteorēma: Skaitļa $n$ sadalījums pirmreizinātājos $n=p_1^{k_1}p_2^{k_2}\ldots p_n^{k_n}$ ir viens vienīgs, katram pirmskaitlim $p_i$ šajā sadalījumā ir noteikta pakāpe $k_i$.",,
4,2,2,0,0,FactorInMutualPrimes,Naturālas pakāpes sadalījums savstarpēju pirmskaitļu reizinājumā,,,
4,2,3,0,0,DivisorNumberAndSum,Naturāla skaitļa dalītāju skaita un summas formulas,,,
4,2,4,0,0,FactorizationAndDivisibility,Dalāmība no sadalījuma pirmreizinātājos,"Pārbaudīt dalāmību un izveidot visu pozitīvo dalītāju režģi, zinot skaitļa sadalījumu pirmreizinātājos",,
4,2,5,0,0,Primes,Pirmskaitļi,,,
4,2,5,1,0,PrimesInfinityProof,Pirmskaitļu kopas bezgalība,"Uzdevumi par pirmskaitļu kopas bezgalību, iteratīvu pirmskaitļu iegūšanu",,
4,2,5,2,0,PrimesDistribution,Pirmskaitļu sadalījums,Eratostēna režģis un apgalvojumi par pirmskaitļu izvietojumu un atstarpēm,,
4,2,5,3,0,PrimalityTests,Pirmskaitļu pārbaudes,"Algoritmi un sakarības, kas parāda, ka skaitlis ir vai nav pirmskaitlis",,
4,2,5,4,0,EuclideanLemma,Eiklīda lemma,"Ja $p$ dala $ab$, tad $p$ dala $a$ vai arī $p$ dala $b$",,
4,2,6,0,0,FactorizationAndProperties,Faktorizācija un skaitļu īpašības,Skaitļa īpašības atkarībā no tā sadalījuma pirmreizinātājos,,
4,2,6,1,0,PrimeFactorizationAndPowers,Pilnu pakāpju noteikšana,"Pazīt pilnas pakāpes pēc tā, ka pirmreizinātāju kāpinātāji dalās ar to pašu skaitli",,
4,2,6,2,0,SystemOfEqualExponents,Pakāpju pielīdzināšana,"Pārveidot veselu skaitļu vienādojumu par sistēmu, pielīdzinot pirmskaitļu kāpinātājus.",,
4,3,0,0,0,NumeralSystems,Skaitīšanas sistēmas,"Veselu skaitļu decimālpieraksts un ciparu manipulācijas tajā; ieskaitot spēles ar skaitļa cipariem. Dalāmības pazīmes. Skaitļa pieraksts binārajā un dažās citās pozicionālajās sistēmās. Neparasti skaitļu kodējumi (ar Fibonači skaitļiem, ar ""negatīviem cipariem"" utt.). Decimāldaļas, periodisku daļskaitļu izteikšana ar bezgalīgas ģeometriskas progresijas summu. Neperiodiskas decimāldaļas un iracionāli skaitļi. ",,
4,3,1,0,0,DecimalNotation,Decimālā skaitīšanas sistēma,,,
4,3,1,1,0,DecimalNotationDigits,Ciparu skaits,"Skaitļu salīdzinājums pēc garuma, ciparu skaits darbību rezultātos",,
4,3,1,2,0,DigitsInOperationResult,Ciparu skaita novērtējums divu skaitļu summā vai reizinājumā,Novērtēt ciparu skaitu divu vai vairāku skaitļu summā,,
4,3,1,3,0,PeriodicDigitGroups,Periodiskas ciparu grupas,Periodisku ciparu grupu izteikšana ar ģeometriskas progresijas summu,,
4,3,1,4,0,DecimalFractions,Decimāldaļskaitļi,Skaitļa pieraksts ar galīgu vai bezgalīgu decimāldaļu,,
4,3,1,4,1,RationalNumbersAsDecimal,Racionālu skaitļu decimālpieraksts,"Nosacījumi, kad racionāla daļa ir galīga, bezgalīga periodiska un bezgalīgi periodiska ar priekšperiodu",,
4,3,1,4,2,ComputingPeriodicFractions,Periodisku daļu aprēķināšana,"Periodisku daļskaitļu perioda garums, skaitlisks novērtējums ar bezgalīgu ģeometrisku progresiju",,
4,3,1,4,3,IrrationalNumbersAsDecimal,Neperiodiskas decimāldaļas,Spriedumi par iracionāliem skaitļiem decimālpierakstā,,
4,3,2,0,0,BinaryNotation,Binārā skaitīšanas sistēma,,,
4,3,3,0,0,OtherNumeralSystems,Citas skaitīšanas sistēmas,,,
4,3,4,0,0,NotationManipulate,Skaitļa pārveidojumi,"Saprast, kā mainās skaitlis, ja tajā pārvieto vai iesprauž ciparus",,
4,3,4,1,0,NotationPolynomial,Decimāla izteiksme,"Izteikt skaitli ar decimālpieraksta cipariem, reizinot ar $10^k$",,
4,3,4,2,0,NotationFragments,Izteikšana ar cipariem,"Izteikt skaitli gan ar cipariem, gan garākiem gabaliem",,
4,3,4,3,0,NotationShift,Izteikšana divos gabalos,"Izteikt garu skaitli divos gabalos, piereizinot vienu no tiem ar $10^k$",,
4,3,4,4,0,NotationInsert,Jaunu ciparu iespraušana,"Veidot jaunus piemērus, iespraužot skaitļa decimālpierakstā jaunus ciparus.",,
4,3,5,0,0,NumericAlgorithms,Algoritmi veselu skaitļu darbībām,"Saskaitīšana, atņemšana, reizināšana, dalīšana stabiņā; ātrākas speciālas metodes, piemēram, skaitļu, kas beidzas ar 5, kāpināšanai kvadrātā",,
4,4,0,0,0,IntegerCongruence,Kongruence pēc moduļa,"Modulārā aritmētika - saskaitīšana, atņemšana, reizināšana un kāpināšana pēc moduļa. Skaitļa multiplikatīvi inversais pēc dotā moduļa. Pazīstamas teorēmas par kongruencēm - M.Fermā teorēma, Eilera teorēma, Vilsona teorēma. ",,
4,4,1,0,0,CongruenceClasses,Kongruences klases pēc fiksēta moduļa,,,
4,4,2,0,0,ModularArithmetic,Aprēķini pēc moduļa,,,
4,4,2,1,0,ModularParity,Aprēķini pēc moduļa 2,Paritātes izmantošana skaitļu teorijas piemēros,,
4,4,2,2,0,ModularArithmeticLastDigit,Aprēķini pēc pēdējā cipara,"Cita modulārā aritmētika, tsk. decimālpieraksta pēdējais cipars",,
4,4,2,3,0,ModularArithmeticOther,Aprēķini pēc citiem moduļiem,Cita modulārā aritmētika,,
4,4,3,0,0,PeriodicRemainders,Periodiskas atlikumu virknes,,,
4,4,4,0,0,LittleFermatAndEuler,Mazā Fermā un Eilera teorēmas,,,
4,4,5,0,0,SelectingModule,Moduļa izvēle,,,
4,4,5,1,0,ModularArithmeticContradiction,Pretrunas modulis,,,
4,4,5,2,0,PrimeModules,Pirmskaitļi,,,
4,4,5,3,0,OtherModules,Dažādu moduļu izmantošana,,,
4,4,6,0,0,CongruenceEquationsLinear,Lineāri kongruenču vienādojumi,"Lineāri kongruenču vienādojumi, risināšana, piemēram, ar inversajiem elementiem",,
4,4,7,0,0,ChineseRemainderTheorem,Ķīniešu atlikumu teorēma,,,
4,5,0,0,0,NumTheoryTransformations,Pārveidojumi skaitļu teorijā,"Veselo skaitļu aritmētikas uzdevumi, kuru risinājumā būtiski izmantoti algebriski pārveidojumi, sadalīšana reizinātājos un citas algebriskas identitātes, mainīgo aizvietošana. Algebrisku pārveidojumu aplūkošana kopsakarā ar dalāmības apsvērumiem. ",,
4,5,1,0,0,NumTheoryFactorizations,Sadalīšana reizinātājos,,,
4,5,2,0,0,NumTheoryEqualityToConstant,Vienādojuma pārveidošana formā $fg = c$,,,
4,5,3,0,0,NumTheoryEqualityToPower,Vienādojuma pārveidošana formā $fg = u^m$,,,
4,5,4,0,0,NumTheoryIdentities,Identitāšu izmantošana,,,
4,6,0,0,0,NumTheoryInequalityMethod,Nevienādības skaitļu teorijā,"Novērtējumi un nevienādības skaitļu teorijā, piemēram, lai samazinātu aplūkojamo gadījumu skaitu. Skaitļa kvalitatīvu īpašību izteikšana ar nevienādībām. Spriedumi par īsiem intervāliem un gariem intervāliem novērtējumos. Nevienādības no decimālpieraksta. Citi uzdevumi par novērtējumiem.",,
4,6,1,0,0,NumTheoryInequalitySideComparison,Vienādojuma abu pušu salīdzināšana pēc lieluma,,,
4,6,2,0,0,NumTheoryInequalitySmallIntervals,Mazie intervāli,,,
4,6,3,0,0,NumTheoryInequalityLargeIntervals,Lielie intervāli,,,
4,7,0,0,0,NumTheoryExtremeElement,Ekstrēmi skaitļu teorijā,"Apgalvojumu pamatošana, izvēloties lielāko vai mazāko skaitli, pirmreizinātāju, kopīgo dalītāju vai dalāmo. Uzdevumi, kuros jāizmanto sakārtotas kopas. Optimizācijas uzdevumi skaitļu teorijā.",,
4,7,1,0,0,NumTheoryExtremeChoiceOther,Dažādas ekstremālā elementa izvēles metodes,,,
4,7,2,0,0,NumTheoryExtremeSmallestPrime,Mazākā pirmreizinātāja izvēle,,,
4,7,3,0,0,NumTheoryExtremeOrderedSet,Skaitļu kopas sakārtošana,,,
4,7,4,0,0,NumTheoryExtremeOptimization,Optimizācija,,,
4,8,0,0,0,NumTheoryPigeonhole,Dirihlē princips skaitļu teorijā,"Atlikumu kopu salīdzināšana, jaunu kopu definēšana, Dirihlē princips nevienādām galīgām, galīgai un bezgalīgai kā arī divām vienādām skaitļu kopām.",,
4,8,1,0,0,NumTheoryPigeonholeRemainders,Atlikumu salīdzināšana pēc moduļa,,,
4,8,2,0,0,NumTheoryPigeonholeCombinations,Skaitļu kombināciju skaita salīdzināšana,,,
4,8,3,0,0,NumTheoryPigeonholeNewSets,Jaunu kopu veidošana,,,
4,8,4,0,0,NumTheoryPigeonholeFiniteFragments,Galīgu fragmentu salīdzināšana,,,
4,8,5,0,0,NumTheoryPigeonholeInfinite,Bezgalīgs lielāks nekā galīgs,,,
4,8,6,0,0,NumTheoryPigeonholeEqualSets,Dirihlē princips skaitliski vienādām kopām,,,
4,8,7,0,0,NumTheoryPigeonholeRational,Dirihlē princips saistībā ar racionāliem tuvinājumiem,,Pārcelts 3.11.3.3.0,
4,9,0,0,0,NumTheoryMathInduction,Indukcija skaitļu teorijā,"Skaitļu teorijas apgalvojumu pamatošana ar matemātisko indukciju. Dažādas induktīvo spriedumu shēmas. Indukcija pēc dalītāju skaita, ciparu skaita. Induktīvās hipotēzes pastiprināšana. Lineāras rekurences. Valuācijas pēc pirmskaitļa.",,
4,9,1,0,0,NumTheoryMathInductionPlusOne,Matemātiskā indukcija skaitļu teorijā $k \rightarrow k+1$,,,
4,9,2,0,0,NumTheoryMathInductionPlusA,Matemātiskā indukcija skaitļu teorijā $k \rightarrow k+a$,,,
4,9,3,0,0,StrongAndReverseInduction,Stiprā un apgrieztā indukcija skaitļu teorijā,,,
4,9,4,0,0,StrengtheningInductiveHypothesis,Izmainīto apgalvojumu induktīvie pierādījumi,,,
4,9,5,0,0,NumTheoryInductiveConstructions,Induktīvas konstrukcijas skaitļu teorijā,,,
4,9,6,0,0,InductionByDigits,Indukcija pa cipariem skaitļa decimālajā pierakstā,,,
4,9,7,0,0,LinearRecurrentReleations,Lineārās rekurentās sakarības,,,
4,9,8,0,0,InfiniteDescent,Bezgalīgā kritiena metode,,,
4,9,9,0,0,Valuation,Pirmskaitļa kārta jeb valuācija,"Valuācijas jēdziens $\nu_p(n) = k$ fiksētam pirmskaitlim $p$: Atrod lielāko $k$, kuram $n$ dalās ar $p^k$",,
4,9,9,1,0,ValuationProperties,Pirmskaitļa kārtas īpašības,"$\nu_p(a+b) = \min(\nu_p(a), \nu_p(b))$, ja valuācijas atšķiras un $\nu_p(a+b) \geq \nu_p(a)$, ja $\nu_p(a) = \nu_p(b)$. ",,
4,9,9,2,0,FactorizingPrimePower,Skaitļa pieraksts formā $p^k \cdot u$,,,
4,9,9,3,0,ValuationChange,Pirmskaitļa kārtas izmaiņas,Izmantot p-valuācijas funkcijas vērtību izmaiņas,,
4,9,9,4,0,LiftingTheExponent,Kāpinātāja pacelšanas lemmas,"Valuācijas pakāpju starpībai $a^n - b^n$, ja $a - b$ dalās ar $p$",,
4,9,9,4,1,LiftingTheExponentOdd,Kāpinātāja pacelšana nepāra pirmskaitlim,,,
4,9,9,4,2,LiftingTheExponentTwo,Kāpinātāja pacelšana pie $p=2$,,,
4,9,9,5,0,ValuationsForFactorials,Pirmskaitļa kārta faktoriālu izteiksmēs,,,
4,9,9,5,1,LegendreFormulaFactorials,Ležandra formula,Izmantot Ležandra formulu $\nu_p(n!) = \lfloor p/n \rfloor + \lfloor p/n^2 \rfloor + \ldots$,,
4,9,9,5,2,KummerTheoremCombinations,Kummera teorēma par binomu koeficientiem,"Lielākā pirmskaitļa pakāpe, ar kuru dalās binomiālais koeficients izteikta ar ciparu summām",,
4,9,9,5,3,LucasTheoremCombinations,Lūkas teorēma par binomu koeficientiem,,,
4,10,0,0,0,ExamplesInNumberTheory,Pārlase un piemēri skaitļu teorijā,"Skaitļi ar neparastām īpašībām, Ķīniešu atlikumu teorēma eksistences pierādījumos. Rekurentas virknes. Veselu skaitļu un līdzīgu objektu konstruēšana ar parastu un ar strukturālu indukciju. Ātrās kāpināšanas un paplašinātais Eiklīda algoritms. Funkcionāli vienādojumi veselu skaitļu funkcijām. Gadījumu šķirošana. Skaitļa kvalitatīvu īpašību pārtulkošana par algebrisku vienādību vai kongruenci.",,
4,10,1,0,0,CasesByCongruenceClass,Gadījumu pārlase pēc moduļa,,,
4,10,2,0,0,CaseAnalysisUsingDivisibility,"Pārlases ierobežošana, izmantojot dalāmību",,,
4,10,3,0,0,CaseAnalysisUsingInequalities,"Pārlases ierobežošana, izmantojot nevienādības",,,
4,10,4,0,0,CaseAnalysisByDigit,Ciparu pārlase skaitļa decimālajā pierakstā,,,
4,10,5,0,0,BuildingExamples,Piemēru konstrukcija,,,
4,10,5,1,0,NumTheoryExamples,Skaitliskie piemēri,,,
4,10,5,2,0,NumTheoryExpr,Algebrisko izteiksmju izmantošana,,,
4,10,5,2,1,NumTheoryExprForConcepts,Skaitļu īpašību izteikšana kvantitatīvi,"Izteikt kvalitatīvas skaitļu īpašības (dalāmi ar kko, pēc kārtas sekojoši, nepāru, pilni kvadrāti u.c.) ar mainīgo izteiksmēm",,
4,10,5,2,2,NumTheoryExprVariables,Mainīgo ieviešana,"Izvēlēties nedaudzus nezināmos lielumus, ar ko piemērā izteikt citus",,
4,10,5,3,0,NumTheoryExamplesDivisibility,Dalāmības īpašību izmantošana,,,
4,10,6,0,0,IntegerGrouping,Grupēšana,,,
4,10,6,1,0,IntegerGroupingInPairs,Grupēšana pa pāriem,,,
4,10,6,2,0,WilsonsTheorem,Vilsona teorēma,,,
4,10,6,3,0,GroupingMoreThanPairs,Vairāku locekļu grupēšana,,,
4,10,7,0,0,Lattices,Režģi,,,
4,10,7,1,0,OneDimensionalLattices,Viendimensionālie režģi,,,
4,10,7,2,0,TwoDimensionalLattices,Divdimensionāla režģa apjoms,,,
4,10,7,3,0,LatticePointsWithinBounds,Režģa punktu skaits ierobežotā apgabalā,,,
4,10,8,0,0,ConjugateNumbers,Saistītie skaitļi,Kvadrātiskie lauki un saistītie skaitļi,,
4,10,8,1,0,ConjugateNumbersProperties,Saistīto skaitļu īpašības,Saistīto skaitļu īpašību izmantošana,,
4,10,8,2,0,ConjugateNumberSum,Saistīto skaitļu summa,Saistīto skaitļu summa ir vesels skaitlis,,
4,10,8,3,0,QuadraticFieldNorm,Skaitļa norma,,,
4,10,8,4,0,PellEquation,Pella vienādojums,Teorēma par Pella vienādojuma atrisinājumiem ,,
4,11,0,0,0,IntegerPolynomials,Polinomi ar veseliem koeficientiem,"Polinomu algebras uzdevumi, kas izmanto to, ka koeficienti ir veseli skaitļi (vai arī polinoma vērtības veseliem argumentiem ir veseli skaitļi). Polinomu dalīšana ar atlikumu; Eiklīda algoritms polinomiem. Bezū identitāte polinomiem. Eizenšteina kritērijs par nereducējamību. Teorēma par racionālu sakni. Polinoma vērtību starpības dalāmība ar argumentu starpību.",,
4,11,1,0,0,IntegerPolynomialsValues,Polinoma vērtības dažādos punktos,Veselu koeficientu polinomu vērtības,,
4,11,2,0,0,PolynomialDifferenceDivisibility,Īpašība $(x -y) \mid P(x) - P(y)$,"Teorēma: Ja $P(x)$ koeficienti ir veseli skaitļi, tad visiem veseliem $x$ un $y$: $P(x)-P(y)$ dalās ar $x-y$.",,
4,11,3,0,0,PolynomialLongDivision,Polinoma dalīšana ar atlikumu,"Divu polinomu dalīšana ""stabiņā""",,
4,11,4,0,0,PolynomialVietaFormula,Vjeta formulu izmantošana,"Vjeta formulu izmantošana: Ja saknes ir veselas un reālas, tad ar tām var izteikt visus polinoma $P(x)$ koeficientus. ",,
4,11,5,0,0,RationalRootTheorem,Polinoma racionālās saknes,"Racionālo sakņu teorēma: Ja $x=p/q$ ir $P(x)$ racionāla sakne, tad $P(x)$ vecākajam koeficientam jādalās ar $q$, bet brīvajam loceklim jādalās ar $p$. ",,
5,0,0,0,0,AllMethods,Visas risināšanas metodes,,,
5,1,0,0,0,MathematicalInduction,Matemātiskās indukcijas metode,"Uzdevumi, kas risināti ar matemātisko indukciju - parasti tie ir apgalvojumi par visiem naturālajiem skaitļiem. To risinājumā izmantota indukcijas bāze, induktīvais pieņēmums un pāreja. Arī strukturālā indukcija (kur apgalvojumu dotajai algebriskai izteiksmei reducē uz apgalvojumiem par tās apakšizteiksmēm) vai ģeometriskā indukcija (kombinatoriskas ģeometrijas uzdevumi, kurus reducē uz vienkāršākiem gadījumiem) ir indukcija.",https://problems.ru/view_by_subject_new.php?parent=215,
5,1,1,0,0,ProvingStatementsInSteps,Atsevišķu apgalvojumu pakāpeniska pierādīšana,,"Noderētu piemēri, kas ar šo domāts",
5,1,2,0,0,InductionNtoNplusOne,Shēma $n \rightarrow n+1$,,,
5,1,3,0,0,InductionOtherStepSizes,"Shēma $n, n+1 \rightarrow n+2$","Šajā punktā apskatāmi citi indukcijas soļi, kas lielāki par $1$ un arī indukcija ar plašāku bāzi un hipotēzi",,
5,1,4,0,0,StrongInduction,Shēma $<n \rightarrow n$,,,
5,1,5,0,0,TwoDirectionalInductionSchemas,Divvirzienu indukcijas shēmas,,,
5,1,6,0,0,ParallelInduction,Pastiprinātu apgalvojumu pierādīšana. Paralēlā indukcija.,,"""Izmainītu apgalvojumu induktīvu pierādīšanu"" sk. 1.11.4.0.0",
5,1,7,0,0,TwoDimensionalInduction,Divdimensionālā indukcija.,,,
5,1,8,0,0,InductionByProduct,Indukcija pēc reizinājuma.,,,
5,1,9,0,0,ChoosingComplexInductionVariable,Sarežģīta indukcijas parametra izvēle.,,,
5,1,10,0,0,WrongProofsWithInduction,Paradoksāli “pierādījumi’’ ar indukciju.,,,
5,1,11,0,0,ProvingIsolatedCasesWithInduction,Indukcija atsevišķu apgalvojumu pierādīšanā,,,
5,1,12,0,0,InductionInAlgorithmCorrectness,Indukcija algoritmu pareizības pierādījumos,,,
5,1,13,0,0,InductionMethodGeometry,Indukcijas metode ģeometrijā,,https://problems.ru/view_by_subject_new.php?parent=350,
5,1,14,0,0,OtherInduction,Citas indukcijas metodes,,https://problems.ru/view_by_subject_new.php?parent=351,
5,2,0,0,0,PigeonholeAndMeanValue,Vidējās vērtības metode.,"Vērtību pierakstīšana atsevišķiem elementiem, šo vērtību summas un citu apkopotu datu izmantošana, lai novērtētu atsevišķos elementus. Dirihlē princips, ja elementu skaits par vienu pārsniedz kastu skaitu. Dirihlē principa vispārinājumi. Dirihlē principa izmantošana kombinatoriskajā ģeometrijā par laukumu pārklāšanu ar figūriņām un citiem figūru izvietojumiem.","https://problems.ru/view_by_subject_new.php?parent=216
https://www.lu.lv/fileadmin/user_upload/lu_portal/projekti/atom/Bonka.pdf",
5,2,1,0,0,PigeonholePrincipleSimplest,Dirihlē principa vienkāršākie lietojumi,Dirihlē princips par $n+1$ objektiem $n$ kastēs vai $\lceil n/k \rceil$ objektiem $k$ kastēs,https://problems.ru/view_by_subject_new.php?parent=355,
5,2,2,0,0,PigeonholePrincipleForExtremes,Dirihlē princips uzdevumos par ekstremālajām vērtībām,Dirihlē princips lielākā vai mazākā elementa novērtējumiem; Dirihlē princips diskrētai kopai,https://problems.ru/view_by_subject_new.php?parent=352,
5,2,3,0,0,PigeonholeNumTheory,Dirihlē princips skaitļu teorijā,,Līdzīgas sadaļas arī zem 1.10.0.0.0,
5,2,3,1,0,PigeonholeRemainders,"Uzdevumi, kas saistīti ar atlikuma izmantošanu",,Līdzīgas sadaļas arī zem 1.10.0.0.0,
5,2,3,2,0,PigeonholePrimeFactors,"Uzdevumi, kas saistīti ar skaitļa sadalīšanu pirmreizinātājos",,Līdzīgas sadaļas arī zem 1.10.0.0.0,
5,2,3,3,0,PigeonholeRationalApproximations,"Uzdevumi, kas saistīti ar racionāliem tuvinājumiem",,Līdzīgas sadaļas arī zem 1.10.0.0.0,
5,2,4,0,0,PigeonholeInGraphs,Dirihlē princips grafu teorijā,,,
5,2,4,1,0,VertexDegreeInGraphs,Uzdevumi par virsotnes pakāpi,,,
5,2,4,2,0,PathsAndCyclesInGraphs,Uzdevumi par sakārtojumiem virknēs un ciklos,,,
5,2,4,2,1,GraphAugmentationWithRestrictions,Uzdevumi par izvietojumiem ar ierobežojumiem,,,
5,2,4,2,2,HamiltonianCycle,Uzdevumi par Hamiltona ciklu,,,
5,2,4,3,0,GraphsWithColoredEdges,Uzdevumi par grafiem ar krāsainām šķautnēm,,,
5,2,4,3,1,RamseyNumbersCompleteGraphs,Ramseja skaitļi pilniem grafiem,,,
5,2,4,3,2,RamseyNumbersGeneralization,Vispārinātie Ramseja skaitļi,,,
5,2,4,3,3,RamseyProblemsIncompleteGraphs,Ramseja tipa uzdevumi nepilniem grafiem,,,
5,2,4,4,0,MinimaxProblemsForGraphs,Minimaksa tipa uzdevumi,,,
5,2,4,4,1,HallMarriageTheorem,Uzdevumi par Holla teorēmu,Hola (Hall) teorēma par maksimālā sapārojuma eksistenci divdaļīgos grafos un vispārinājumi,,
5,2,4,4,2,DilworthTheorem,Uzdevumi par Dilvorsa teorēmu,Sk. arī 3.2.8.2.0,,
5,2,5,0,0,PigeonholePrincipleInGeometry,Dirihlē princips ģeometrijā,,Var apsvērt visas šīs sadaļas 3.11.5 pārcelšanu zem Kombinatoriskās ģeometrijas,
5,2,5,1,0,MaxDistancePolygonVertices,Maksimālais attālums starp daudzstūra punktiem,,https://problems.ru/view_by_subject_new.php?parent=353,
5,2,5,2,0,PolygonalChainVerticesSegments,Lauztas līnijas virsotņu un posmu īpašības,,,
5,2,5,3,0,EstimatingSums,Summu novērtēšanas metodes,,,
5,2,5,3,1,SumsDirectEstimates,Tieši summu novērtējumi,,,
5,2,5,3,2,SumEstimatesOverlaps,Summu novērtējumi un pārklāšanās,,,
5,2,5,3,2,SumEstimatesOverlapsDirectUse,Tieši pielietojumi,,Varbūt var apvienot ar 3.11.5.3.2 (jo citādi kokā ir 6 līmeņi),
5,2,5,3,2,SumEstimatesOverlapsNeighborhood,Apkārtnes jēdziens un tā lietojumi,,Varbūt var apvienot ar 3.11.5.3.2 (jo citādi kokā ir 6 līmeņi),
5,2,5,3,3,SumEstimatesTriangleInequality,Summu novērtējumi un trijstūra nevienādība,,,
5,2,5,4,0,RamseyTheoryGeometry,Ramseja teorija ģeometrijā,,,
5,2,5,4,1,RamseyAndPointDistances,Attālumu realizācija plaknē,,,
5,2,5,4,2,RamseyAndIntegerDistances,Attālumu realizācija veselo skaitļu kopā,,,
5,2,5,4,3,RamseyConfigurationsOther,Sarežģītāku konfigurāciju piemēri,,,
5,2,5,4,4,GrahamPollakTheorem,R.Greiama teorēma,,Ir vairākas Greiama teorēmas; nezinu vai šī ir īstā,
5,2,5,4,5,BaricenterCoordinates,Smaguma centra koordinātas,,Smaguma centrs neizskatās pēc Dirihlē principa lietojuma; sk. arī 3.11.5.6.0,
5,2,5,5,0,DelworseTheorem,Īpatnēji “būru” konstruēšanas paņēmieni,,"""Dilvorsa teorēma"" gandrīz noteikti nepareizi uzraksīts personvārds",
5,2,5,6,0,BaricenterAsMeanValueVariant,Smaguma centrs kā vidējās vērtības jēdziena variants,,,
5,2,5,7,0,PigeonholeForAreasAndVolumes,Dirihlē princips laukumam un tilpumam,,https://problems.ru/view_by_subject_new.php?parent=354,
5,2,6,0,0,MeanValueForInfiniteSets,Metodes pielietojumi bezgalīgām kopām,,,
5,2,6,1,0,ReplacingInfiniteSetWithFiniteSet,Bezgalīgas kopas aizstāšana ar lielu galīgu kopu,,,
5,2,6,2,0,PartitioningInfinityIntoFinitelyManyParts,Bezgalīgu kopu sadalīšana galīgā skaitā daļu,,,
5,2,6,2,1,MeanValueInGraphAnalysis,Pielietojumi grafu analīzē,,,
5,2,6,2,2,ProvingFinitenessOfSomeProcess,"Uzdevumi, kuros jāpierāda, ka kāds process ir galīgs",,,
5,2,6,3,0,DecomposingSumIntoInfinitelyManyParts,Summas sadalīšana bezgalīgi daudzos saskaitāmajos,,,
5,2,6,4,0,TheIntegerMeanForSegmentProjection,Nogriežņa projekcijas integrālā vidējā vērtība,,,
5,2,6,5,0,ComparingConceptsOfinfinity,Dažādas bezgalības izpratnes un to salīdzināšana,,,
5,2,7,0,0,ProvingInequalitiesCombinatorics,Nevienādību pierādīšanas metodes,,"Vai nevienādības nav drīzāk algebra? Ja ir kombinatoriskas nevienādības, būtu labi pamainīt nosaukumu vai aprakstu.",
5,2,7,1,0,InequalitiesProveSolutionExistence,Nevienādību atrisinājumu eksistences pierādījumi,,,
5,2,7,2,0,ProveInequalitiesWithBaricenter,"Nevienādību pierādīšana, izmantojot jēdzienu par smaguma centru",,,
5,2,8,0,0,ComputerScienceApplications,Pielietojumi datorzinātnē,,,
5,2,8,1,0,OptimalAlgorithms,Stratēģiju optimizēšana,,,
5,2,8,1,1,ArrangingTournaments,Turnīru organizēšana,"Adaptīvi salīdzināšanas algoritmi, kuros nākamās salīdzināšanas izvēlas atkarībā no iepriekšējo salīdzināšanu rezultāta",,
5,2,8,1,1,TournamentWithTopOne,Uzvarētāja noskaidrošana,"$n-1$ salīdzināšanas, lai no $n$ elementiem atrastu lielāko",Varbūt var apvienot ar 3.11.8.1.1 (jo citādi kokā ir 6 līmeņi),
5,2,8,1,1,TournamentWithTopTwo,Čempiona un vicečempiona noskaidrošana,"$n + \lceil \log_2(n) \rceil - 1$, lai no $n$ elementiem atrastu divus lielākos",Varbūt var apvienot ar 3.11.8.1.1 (jo citādi kokā ir 6 līmeņi),
5,2,8,1,1,TournamentWithTopThree,"Čempiona, vicečempiona un bronzas medaļas īpašnieka noskaidrošana",Trīs lielāko elementu atrašana nesakārtotā masīvā,Varbūt var apvienot ar 3.11.8.1.1 (jo citādi kokā ir 6 līmeņi),
5,2,8,1,1,TournamentFullOrdering,Monotonu turnīru pilnīga sakārtošana,Vajadzīgas vismaz $\lceil \log_2(n!) \rceil$ salīdzināšanas jeb aptuveni $n \cdot \log_2 n$,Varbūt var apvienot ar 3.11.8.1.1 (jo citādi kokā ir 6 līmeņi),
5,2,8,1,2,InformationPropagation,Informācijas izplatīšanās uzdevumi,Vienkārši paralēlie algoritmi un to sarežģītības apakšējie un augšējie novērtējumi ,,
5,2,8,2,0,InformationEncoding,"Kodēšana, ",Kodēšana kā injektīva funkcija no objektiem uz burtu virknītēm,,
5,2,8,3,0,SearchProblems,Dažādi meklēšanas uzdevumi,Algoritmiski meklēšanas uzdevumi,,
5,2,8,4,0,InfiniteLoops,Ieciklošanās,Spriedumi par algoritmu ieciklošanos,,
5,3,0,0,0,ExtremeElementMethod,Ekstremālā elementa metode,"Uzdevumi, kuros aplūkots lielākais vai elements, lai kaut ko secinātu par to. Ekstremālais elements vai nu pats ir uzdevumā prasītais objekts vai arī tā īpašības var izmantot, lai kaut ko pierādītu par citiem. Ekstremālie elementi bieži ir ģeometriski - lielākais/mazākais leņķis, attālums, laukums. Dažām konstrukcijām (plaknes punktu kopas izliektajai čaulai, transitīvajam slēgumam) piemīt ekstremālas īpašības. ",https://problems.ru/view_by_subject_new.php?parent=252,
5,3,1,0,0,ExtremeElementsInAlgebra,Ekstremālie elementi algebrā,,,
5,3,2,0,0,ExtremeElementsInGeometry,Ekstremālie elementi ģeometrijā,,Varbūt šis jāpārvieto uz ģeometriju?,
5,3,2,1,0,SmallestOrLargestAngle,Mazākais vai lielākais leņķis,,https://problems.ru/view_by_subject_new.php?parent=356,
5,3,2,2,0,SmallestOrLargestDistance,Mazākais vai lielākais attālums,,https://problems.ru/view_by_subject_new.php?parent=357,
5,3,2,3,0,SmallestOrLargestArea,Mazākais vai lielākais laukums,,https://problems.ru/view_by_subject_new.php?parent=358,
5,3,2,4,0,LargestTriangleMethod,Lielākais trijstūris,,https://problems.ru/view_by_subject_new.php?parent=359,
5,3,2,5,0,ConvexHull,Izliektais apvalks,,https://problems.ru/view_by_subject_new.php?parent=360,
5,3,3,0,0,ExtremeElementsNumberTheory,Ekstremālie elementi skaitļu teorijā,,,
5,3,4,0,0,ExtremeElementsCombinatorics,Ekstremālie elementi kombinatorikā,,,
5,3,5,0,0,ExtremeElementsAlgorithms,Ekstremālā elementa metode algoritmu analīzē,,,
5,3,6,0,0,ExtremeElementsParadoxes,"Paradoksi, kas saistīti ar ekstremālā elementa metodi",,,
5,3,7,0,0,ArrangingInIncreasingOrder,Sakārtojums augošā secībā,,https://problems.ru/view_by_subject_new.php?parent=1692,
5,3,8,0,0,OtherExtremeElement,Citas ekstrēmā elementa metodes,,https://problems.ru/view_by_subject_new.php?parent=361,
5,4,0,0,0,InvariantMethod,Invariantu metode,"Uzdevumos ar pārveidojumu virkni vai spēles gājieniem ieviests nemainīgs lielums, kura vērtība pārveidojumu gaidā nemainās un kas atļauj iegūt pretrunu - neiespējamību nonākt vajadzīgajā stāvoklī. Vai pamatot uzvarošu spēles stratēģiju. Arī krāsojumi un citas palīgkonstrukcijas, kuru mērķis ir uzkonstruēt un pareizi saskaitīt kādu invariantu, pieder invariantu metodei.",https://problems.ru/view_by_subject_new.php?parent=220,
5,4,1,0,0,CountingInvariants,Invarianti skaitīšanā,,,
5,4,1,1,0,NumericResultForInvariant,Skaitliska rezultāta iegūšana,,,
5,4,1,2,0,ConfigurationImpossibilityProofs,Konfigurāciju neiespējamības pierādījumi,,,
5,4,2,0,0,InvariantInProcesses,Invarianti procesos,,https://problems.ru/view_by_subject_new.php?parent=613,
5,4,2,1,0,InvariantNumeric,Aritmētiskie invarianti,,,
5,4,2,1,1,InvariantParity,Paritāte,,,
5,4,2,1,2,InvariantRemainder,Specifiskas atlikumu vērtības,,,
5,4,2,2,0,InvariantAlgebraic,Algebriskie invarianti,,,
5,4,2,2,1,InvariantSum,Invariants – summa,,,
5,4,2,2,2,InvariantProduct,Invariants – reizinājums,,,
5,4,2,2,3,InvariantAlgebraicOther,Sarežģītāki invarianti,,,
5,4,2,3,0,InvariantGeometric,Ģeometriskie invarianti,,,
5,4,2,3,1,InvariantArea,Invariants – laukums,,,
5,4,2,3,2,InvariantLength,Invariants – garums,,,
5,4,2,3,3,InvariantDirection,Invariants – orientācija,,,
5,4,3,0,0,SemiInvariants,Invariantu metode novērtējumiem jeb pusinvarianti,,https://problems.ru/view_by_subject_new.php?parent=614,
5,4,4,0,0,OtherInvariants,Citi invariantu paveidi,,https://problems.ru/view_by_subject_new.php?parent=615,
5,4,5,0,0,ColoringMethod,Krāsošanas metode,,https://problems.ru/view_by_subject_new.php?parent=221,
5,4,5,1,0,ChessboardColoring,Šaha galdiņa krāsojums,,https://problems.ru/view_by_subject_new.php?parent=366,
5,4,5,2,0,OtherColorings,Citas krāsojumu metodes,,https://problems.ru/view_by_subject_new.php?parent=367,
5,5,0,0,0,ProofsByContradiction,Metode pierādīšanai no pretējā,"Uzdevumi, kuros prasīto apgalvojumu vispirms noliedz, lai no tā iegūtu secinājumus, kuri ved pie pretrunas. Nekonstruktīvie eksistences pierādījumi (pieņemam, ka objekts neeksistē un iegūstam pretrunu). Pierādījumi no pretējā kopā ar labās sakārtotības principu - piemēram, ja eksistētu netukša kopa ar naturāliem skaitļiem, tad tajā atrastos mazākais elements - no kura eksistences pieņēmuma var iegūt pretrunu.",https://problems.ru/view_by_subject_new.php?parent=251,
5,5,1,0,0,ImpossibilityProofs,Neiespējamība no pretējā,,,
5,5,2,0,0,ExistenceProofsByContradiction,Nekonstruktīvie eksistences pierādījumi,,,
5,6,0,0,0,InterpretationMethod,Interpretāciju metode,"Interpretācija pārtulko uzdevumu jaunos apzīmējumos; ievieš jaunas datu struktūras (piemēram, grafus) vai kodējumus (objektu attēlošanu par izteiksmēm). Dažas interpretāciju metodes ir jāveido katrā atrisinājumā no jauna, citas ir standartizētas un labi zināmas - piemēram ģeometrijas uzdevuma pārveidošana koordinātu formā. ",,
5,6,1,0,0,UsingGeometryInAlgebra,Ģeometrijas pielietojumi algebrā,,,
5,6,2,0,0,GraphInterpretations,Grafu interpretācijas,,,
5,6,3,0,0,ParallelAndCentralProjections,Paralēlā un centrālā projekcijas,,,
5,6,4,0,0,InequalitiesProbabilisticProofs,Varbūtību teorijas metodes nevienādību pierādīšanā,,,
5,6,5,0,0,PhysicalInterpretations,Fizikālās interpretācijas,,,
5,6,5,1,0,Baricenter,Smaguma centrs,,,
5,6,5,2,0,PotentialEnergyMinimumPrinciple,Potenciālās enerģijas minimuma princips,,,
5,6,5,3,0,EnergyPreservation,Enerģijas nezūdamības likums,,,
5,6,6,0,0,GeometricInterpretationsInAlgebra,Ģeometriskas interpretācijas algebrā,,https://problems.ru/view_by_subject_new.php?parent=1083,
5,6,7,0,0,IntegersAndGeometry,Skaitļi un ģeometrija,,,
5,6,7,1,0,GeometryForDiophantineEquations,Analītiskās ģeometrijas izmantošana Diofanta vienādojumu risināšanā,,,
5,6,7,2,0,IntegersInGeometricInterpreations,Ģeometriskās interpretācijas metode.,,,
5,6,8,0,0,IntegersAndCombinatorics,Skaitļi un kombinatorika,,,
5,6,8,1,0,RemaindersInCombinatorics,Paritāte,,,
5,6,8,2,0,IntegerInvariants,Invarianti,,,
5,6,8,3,0,CountingCombinations,Kombināciju skaitīšana,,,
5,6,8,4,0,BinomialCoefficientsProperties,Ņūtona binoms un binomiālie koeficienti,,,
5,6,9,0,0,InterpretationsOther,Dažādas interpretācijas,,,
5,7,0,0,0,AlgebraicMethods,Pārveidojumi un analītiskas metodes,"Uzdevumi, kuros jaunu mainīgo ievietošana, identiski pārveidojumi un arī nevienādību pastiprināšana ir būtiska atrisinājuma sastāvdaļa. Arī citas situācijas, kurās ievietojot piemērotas izteiksmes, var izmantot kādu zināmu rezultātu.",https://problems.ru/view_by_subject_new.php?parent=672,
5,7,1,0,0,CompletingTheSquare,Pilnā kvadrāta atdalīšana,,https://problems.ru/view_by_subject_new.php?parent=956,
5,7,2,0,0,MethodOfInfiniteDescent,Pazemināšanas metode,,https://problems.ru/view_by_subject_new.php?parent=676,
5,7,3,0,0,WorkingBackwards,Risināšana no beigām,,https://problems.ru/view_by_subject_new.php?parent=677,
5,7,4,0,0,DoubleCounting,Saskaitīšana divos veidos,"Metode, kas pierāda izteiksmju vienādību, pamatojot, ka to var saskaitīt divos veidos.",https://problems.ru/view_by_subject_new.php?parent=678,
5,7,5,0,0,PartitioningInPairsBijections,"Sadalījums pāros vai grupās, bijekcijas",,https://problems.ru/view_by_subject_new.php?parent=679,
5,7,6,0,0,IterationMethod,Iterācijas,,https://problems.ru/view_by_subject_new.php?parent=680,
5,7,7,0,0,ApplyingAlgebraicProcedures,Algebriski procesi un operācijas,,https://problems.ru/view_by_subject_new.php?parent=681,
5,7,8,0,0,CaseAnalysis,Gadījumu pārlase,,https://problems.ru/view_by_subject_new.php?parent=682,
5,7,9,0,0,ReplacingVariables,Mainīgo ieviešana,,https://problems.ru/view_by_subject_new.php?parent=1193,
5,7,10,0,0,InvolutionTransformationsInAlgebra,Simetrija un involūcijas pārveidojumi,,https://problems.ru/view_by_subject_new.php?parent=692,
5,7,11,0,0,AnalysisMethods,Matemātiskās analīzes metodes,,https://problems.ru/view_by_subject_new.php?parent=675,
5,7,11,1,0,UsingContinuity,Nepārtrauktības izmantošana,,https://problems.ru/view_by_subject_new.php?parent=688,
5,7,11,2,0,UsingCommensurability,Samērojamības izmantošana,,https://problems.ru/view_by_subject_new.php?parent=689,
5,7,11,3,0,UsingMonotonicityAndBoundedness,Monotonitātes un ierobežotības izmantošana,,https://problems.ru/view_by_subject_new.php?parent=690,
5,7,11,4,0,UsingSmallPerturbations,Mazo izmaiņu metode,,https://problems.ru/view_by_subject_new.php?parent=691,
5,7,11,5,0,OtherAnalysisMethods,Citas analīzes metodes,,https://problems.ru/view_by_subject_new.php?parent=857,
5,8,0,0,0,StructureAugmentation,Struktūras papildināšanas metode,"Ģeometrisku un citu struktūru papildināšana ar jauniem elementiem, lai vispirms pierādītu apgalvojumus par šiem elementiem un vēlāk atgrieztos pie sākotnējā jautājuma. Uz šo attiecas arī pretpiemēru konstruēšana kā arī novērtējumu iegūšana, konstruējot piemērus. ",,
5,8,1,0,0,CounterexamplesAndConstructions,Pretpiemēri un konstrukcijas,,https://problems.ru/view_by_subject_new.php?parent=590,
5,8,2,0,0,MethodsForParametrizedProblems,Metodes uzdevumiem ar parametru,,https://problems.ru/view_by_subject_new.php?parent=227,
5,8,3,0,0,ProofsByEstimateAndExample,Pamatojums ar novērtējumu un piemēru,,https://problems.ru/view_by_subject_new.php?parent=1902,
5,8,4,0,0,GeometricMethods,Ģeometriskas metodes,,https://problems.ru/view_by_subject_new.php?parent=673,
5,8,4,1,0,ApplyingTrigonometricFormulas,Trigonometrijas formulu izmantošana,,https://problems.ru/view_by_subject_new.php?parent=683,
5,8,4,2,0,AnalyticalMethodInGeometry,Analītiskā metode ģeometrijā,,https://problems.ru/view_by_subject_new.php?parent=684,
5,8,4,3,0,ComplexNumbersInGeometry,Kompleksie skaitļi ģeometrijā,,https://problems.ru/view_by_subject_new.php?parent=685,
5,8,4,4,0,ExtendingToSpace,Pāreja uz telpisku uzdevumu,,https://problems.ru/view_by_subject_new.php?parent=686,
5,8,4,5,0,CoordinateMethod,Koordinātu metode,,https://problems.ru/view_by_subject_new.php?parent=687,